Date,State,Flow,X,Y,Z,W,Unreplied,Q,V
2024/01/15 11:05:29 EST,Safe,53,0,11,24,0,13,6,4
2024/01/15 11:05:40 EST,Safe,67,0,19,29,0,20,13,4
2024/01/15 11:05:50 EST,Safe,12,0,8,16,0,2,1,2
2024/01/15 11:06:00 EST,Safe,31,0,6,19,0,6,2,2
2024/01/15 11:06:10 EST,Safe,36,0,8,22,0,8,3,2
2024/01/15 11:06:20 EST,Safe,46,0,10,21,0,10,5,2
2024/01/15 11:06:30 EST,Safe,47,0,10,21,0,10,5,2
2024/01/15 11:06:40 EST,Safe,54,0,11,24,0,13,6,3
2024/01/15 11:06:50 EST,Safe,49,0,12,28,0,14,6,3
2024/01/15 11:07:00 EST,Safe,41,0,19,34,0,14,8,3
2024/01/15 11:07:10 EST,Safe,38,0,13,31,0,12,5,3
2024/01/15 11:07:20 EST,Safe,34,0,8,29,0,10,3,3
2024/01/15 11:07:30 EST,Safe,35,0,8,28,0,10,3,3
2024/01/15 11:07:40 EST,Safe,33,0,18,39,0,13,6,2
2024/01/15 11:07:51 EST,Safe,31,0,16,41,0,13,5,2
2024/01/15 11:08:01 EST,Safe,35,0,17,31,0,11,6,2
2024/01/15 11:08:11 EST,Safe,37,0,10,24,0,9,4,2
2024/01/15 11:08:21 EST,Safe,33,0,18,51,0,17,6,2
2024/01/15 11:08:31 EST,Safe,30,0,13,26,0,8,4,2
2024/01/15 11:08:41 EST,Safe,85,0,16,40,0,34,14,5
2024/01/15 11:08:51 EST,Safe,162,0,3,29,0,48,6,5
2024/01/15 11:09:01 EST,Safe,187,1,2,31,0,59,4,5
2024/01/15 11:09:11 EST,Safe,188,1,2,33,0,63,4,5
2024/01/15 11:09:21 EST,Safe,191,1,2,31,0,60,5,5
2024/01/15 11:09:31 EST,Safe,209,1,1,32,0,68,4,6
2024/01/15 11:09:41 EST,Safe,188,1,1,35,0,66,2,6
2024/01/15 11:09:51 EST,Safe,152,0,1,48,0,74,2,6
2024/01/15 11:10:01 EST,Safe,155,0,3,56,0,88,5,6
2024/01/15 11:10:11 EST,Safe,163,0,3,49,0,81,6,6
2024/01/15 11:10:21 EST,Safe,161,0,2,49,0,80,4,6
2024/01/15 11:10:31 EST,Safe,153,0,1,48,0,74,3,4
2024/01/15 11:10:42 EST,Safe,158,0,1,44,0,71,3,4
2024/01/15 11:10:52 EST,Safe,143,0,2,48,0,69,3,4
2024/01/15 11:11:02 EST,Safe,139,0,2,47,0,66,4,4
2024/01/15 11:11:12 EST,Safe,115,0,3,43,0,50,4,4
2024/01/15 11:11:22 EST,Safe,109,0,3,44,0,48,4,4
2024/01/15 11:11:32 EST,Safe,116,0,3,40,0,47,4,4
2024/01/15 11:11:42 EST,Safe,105,0,2,39,0,41,3,4
2024/01/15 11:11:52 EST,Safe,104,0,1,32,0,34,2,4
2024/01/15 11:12:02 EST,Safe,78,0,3,34,0,27,3,4
2024/01/15 11:12:12 EST,Safe,68,0,2,27,0,19,2,4
2024/01/15 11:12:22 EST,Safe,63,0,4,30,0,19,3,3
2024/01/15 11:12:32 EST,Safe,57,0,5,33,0,19,3,3
2024/01/15 11:12:42 EST,Safe,54,0,3,27,0,15,2,3
2024/01/15 11:12:52 EST,Safe,58,0,5,36,0,21,3,3
2024/01/15 11:13:02 EST,Safe,61,0,3,34,0,21,2,4
2024/01/15 11:13:12 EST,Safe,64,0,6,25,0,16,4,5
2024/01/15 11:13:22 EST,Safe,184,1,5,23,0,43,10,6
2024/01/15 11:13:33 EST,Safe,164,1,4,17,0,28,7,6
2024/01/15 11:13:43 EST,Safe,157,0,3,17,0,28,6,6
2024/01/15 11:13:53 EST,Safe,149,0,4,16,0,24,6,6
2024/01/15 11:14:03 EST,Safe,151,0,5,21,0,32,8,6
2024/01/15 11:14:13 EST,Safe,142,0,6,26,0,38,9,6
2024/01/15 11:14:23 EST,Safe,62,0,16,53,0,33,10,6
2024/01/15 11:14:33 EST,Safe,51,0,21,45,0,23,11,5
2024/01/15 11:14:43 EST,Safe,52,0,23,44,0,23,12,5
2024/01/15 11:14:53 EST,Safe,59,0,23,62,0,37,14,6
2024/01/15 11:15:03 EST,Safe,53,0,26,37,0,20,14,4
2024/01/15 11:15:13 EST,Safe,55,0,23,34,0,19,13,4
2024/01/15 11:15:23 EST,Safe,53,0,20,30,0,16,11,4
2024/01/15 11:15:33 EST,Safe,54,0,20,27,0,15,11,4
2024/01/15 11:15:43 EST,Safe,53,0,15,43,0,23,8,4
2024/01/15 11:15:53 EST,Safe,48,0,14,31,0,15,7,4
2024/01/15 11:16:03 EST,Safe,46,0,17,26,0,12,8,4
2024/01/15 11:16:14 EST,Safe,48,0,20,52,0,25,10,4
2024/01/15 11:16:24 EST,Safe,48,0,20,41,0,20,10,4
2024/01/15 11:16:34 EST,Safe,49,0,24,44,0,22,12,4
2024/01/15 11:16:44 EST,Safe,257,1,85,87,1,225,221,5
2024/01/15 11:16:54 EST,Warning,743,4,94,95,4,709,701,5
2024/01/15 11:17:04 EST,Warning,1225,7,96,97,7,1189,1185,5
2024/01/15 11:17:14 EST,Warning,1707,10,97,98,10,1674,1666,5
2024/01/15 11:17:24 EST,Warning,2195,13,98,98,13,2161,2154,5
2024/01/15 11:17:34 EST,Warning,2683,16,98,98,16,2646,2642,5
2024/01/15 11:17:45 EST,Warning,3178,19,98,98,19,3142,3135,4
2024/01/15 11:17:55 EST,Warning,3677,22,98,98,22,3631,3621,5
2024/01/15 11:18:05 EST,Warning,4169,25,98,98,25,4124,4117,4
2024/01/15 11:18:15 EST,Alert,4654,28,99,99,28,4613,4608,5
2024/01/15 11:18:25 EST,Alert,5152,31,98,99,31,5115,5100,5
2024/01/15 11:18:36 EST,Alert,5647,34,99,99,34,5605,5594,5
2024/01/15 11:18:46 EST,Alert,6016,36,91,97,35,5839,5497,6
2024/01/15 11:18:56 EST,Alert,6043,36,91,96,35,5849,5515,6
2024/01/15 11:19:07 EST,Alert,6053,36,90,97,35,5886,5483,6
2024/01/15 11:19:17 EST,Alert,6059,36,90,97,35,5878,5478,6
2024/01/15 11:19:27 EST,Alert,6040,36,91,97,35,5894,5506,5
2024/01/15 11:19:38 EST,Alert,6061,36,91,97,36,5913,5538,4
2024/01/15 11:19:48 EST,Alert,6046,36,91,97,35,5874,5517,4
2024/01/15 11:19:58 EST,Alert,6051,36,89,96,35,5813,5428,4
2024/01/15 11:20:08 EST,Alert,6057,36,90,96,35,5864,5460,4
2024/01/15 11:20:19 EST,Alert,6030,36,91,96,35,5815,5497,5
2024/01/15 11:20:29 EST,Alert,6040,36,90,96,35,5848,5442,3
2024/01/15 11:20:39 EST,Alert,6029,36,90,96,35,5846,5479,4
2024/01/15 11:20:39 EST,Alert,5857,35,97,98,35,5778,5738,4
2024/01/15 11:20:50 EST,Alert,6000,36,92,96,35,5764,5525,4
2024/01/15 11:21:00 EST,Alert,6038,36,90,95,35,5776,5489,4
2024/01/15 11:21:10 EST,Alert,6057,36,89,95,35,5802,5444,4
2024/01/15 11:21:21 EST,Alert,6030,36,90,95,35,5782,5477,4
2024/01/15 11:21:31 EST,Alert,6011,36,90,95,34,5725,5462,4
2024/01/15 11:21:41 EST,Alert,5986,36,91,95,35,5735,5452,4
2024/01/15 11:21:51 EST,Alert,5986,36,91,94,34,5685,5486,4
2024/01/15 11:22:02 EST,Alert,5964,36,93,94,34,5660,5547,4
2024/01/15 11:22:12 EST,Alert,5999,36,91,93,34,5632,5511,4
2024/01/15 11:22:22 EST,Alert,5983,36,92,94,34,5643,5526,3
2024/01/15 11:22:33 EST,Alert,5976,36,92,94,34,5638,5536,4
2024/01/15 11:22:43 EST,Alert,5978,36,92,94,34,5639,5526,4
2024/01/15 11:22:53 EST,Alert,5991,36,91,93,34,5630,5510,5
2024/01/15 11:23:03 EST,Alert,5983,36,93,93,34,5580,5576,5
2024/01/15 11:23:14 EST,Alert,5829,35,97,97,34,5684,5679,5
2024/01/15 11:23:24 EST,Alert,6003,36,92,92,33,5560,5554,5
2024/01/15 11:23:34 EST,Alert,5967,36,93,94,34,5612,5606,5
2024/01/15 11:23:45 EST,Alert,6005,36,93,93,34,5608,5604,4
2024/01/15 11:23:55 EST,Alert,5986,36,93,93,34,5614,5609,4
2024/01/15 11:24:05 EST,Alert,6017,36,93,93,34,5623,5618,4
2024/01/15 11:24:15 EST,Alert,6010,36,93,94,34,5653,5647,5
2024/01/15 11:24:26 EST,Alert,6028,36,93,93,34,5617,5614,3
2024/01/15 11:24:36 EST,Alert,6014,36,93,93,34,5624,5621,3
2024/01/15 11:24:46 EST,Alert,5996,36,94,94,34,5658,5655,3
2024/01/15 11:24:56 EST,Alert,6029,36,92,92,34,5601,5597,4
2024/01/15 11:25:07 EST,Alert,6045,36,93,93,34,5629,5626,3
2024/01/15 11:25:17 EST,Alert,6034,36,93,93,34,5662,5658,4
2024/01/15 11:25:27 EST,Alert,6056,36,92,92,34,5623,5619,4
2024/01/15 11:25:38 EST,Alert,6046,36,93,93,34,5657,5653,4
2024/01/15 11:25:48 EST,Alert,6039,36,93,93,34,5651,5647,4
2024/01/15 11:25:58 EST,Alert,6019,36,94,94,34,5678,5675,4
2024/01/15 11:26:08 EST,Alert,6038,36,93,93,34,5618,5616,4
2024/01/15 11:26:19 EST,Alert,6023,36,93,93,34,5653,5649,4
2024/01/15 11:26:29 EST,Alert,6040,36,93,93,34,5632,5629,3
2024/01/15 11:26:30 EST,Alert,5843,35,98,98,35,5777,5773,4
2024/01/15 11:26:39 EST,Alert,6042,36,93,93,34,5651,5647,4
2024/01/15 11:26:50 EST,Alert,6021,36,93,93,34,5642,5638,4
2024/01/15 11:27:00 EST,Alert,6021,36,93,93,34,5659,5655,4
2024/01/15 11:27:10 EST,Alert,6038,36,93,93,34,5633,5631,4
2024/01/15 11:27:20 EST,Alert,6029,36,93,93,34,5644,5642,3
2024/01/15 11:27:31 EST,Alert,6036,36,93,93,34,5637,5633,4
2024/01/15 11:27:41 EST,Alert,6038,36,93,93,34,5658,5654,4
2024/01/15 11:27:51 EST,Alert,6024,36,94,94,34,5667,5664,3
2024/01/15 11:28:01 EST,Alert,6053,36,92,92,34,5606,5602,4
2024/01/15 11:28:12 EST,Alert,6036,36,93,93,34,5630,5627,3
2024/01/15 11:28:22 EST,Alert,6036,36,93,93,34,5646,5641,5
2024/01/15 11:28:32 EST,Alert,6046,36,93,93,34,5651,5646,5
2024/01/15 11:28:43 EST,Alert,6052,36,93,93,34,5666,5661,5
2024/01/15 11:28:53 EST,Alert,6040,36,93,93,34,5660,5654,5
2024/01/15 11:29:03 EST,Alert,6036,36,93,93,34,5643,5637,5
2024/01/15 11:29:13 EST,Alert,6028,36,93,93,34,5646,5640,5
2024/01/15 11:29:24 EST,Alert,6032,36,93,93,34,5631,5627,5
2024/01/15 11:29:34 EST,Alert,6030,36,93,93,34,5655,5651,4
2024/01/15 11:29:44 EST,Alert,6028,36,93,93,34,5642,5639,3
2024/01/15 11:29:54 EST,Alert,6006,36,93,93,34,5641,5638,3
2024/01/15 11:30:05 EST,Alert,6032,36,93,93,34,5617,5613,4
2024/01/15 11:30:15 EST,Alert,6021,36,93,93,34,5625,5621,4
2024/01/15 11:30:25 EST,Alert,6033,36,93,93,34,5642,5638,4
2024/01/15 11:30:36 EST,Alert,6013,36,93,93,34,5632,5628,4
2024/01/15 11:30:46 EST,Alert,6009,36,93,93,34,5622,5617,5
2024/01/15 11:30:56 EST,Alert,6022,36,93,93,34,5615,5610,5
2024/01/15 11:31:06 EST,Alert,6020,36,93,93,34,5656,5651,5
2024/01/15 11:31:17 EST,Alert,5856,35,97,97,34,5727,5722,5
2024/01/15 11:31:27 EST,Alert,6005,36,93,93,34,5595,5590,5
2024/01/15 11:31:37 EST,Alert,5990,36,93,93,34,5624,5619,5
2024/01/15 11:31:48 EST,Alert,6010,36,93,93,34,5626,5622,4
2024/01/15 11:31:58 EST,Alert,5988,36,93,93,34,5603,5599,4
2024/01/15 11:32:08 EST,Alert,5993,36,93,93,34,5623,5620,4
2024/01/15 11:32:18 EST,Alert,6014,36,93,93,34,5607,5603,4
2024/01/15 11:32:29 EST,Alert,6010,36,93,93,34,5633,5629,4
2024/01/15 11:32:39 EST,Alert,6000,36,94,94,34,5645,5641,4
2024/01/15 11:32:49 EST,Alert,5758,35,87,87,30,5044,5040,4
2024/01/15 11:32:59 EST,Alert,5252,32,86,86,27,4539,4536,4
2024/01/15 11:33:10 EST,Alert,4773,29,85,85,24,4077,4073,4
2024/01/15 11:33:20 EST,Warning,4233,25,85,85,22,3634,3627,5
2024/01/15 11:33:30 EST,Warning,3766,22,83,83,19,3161,3155,5
2024/01/15 11:33:40 EST,Warning,3339,20,79,79,16,2661,2654,5
2024/01/15 11:33:50 EST,Warning,3153,19,87,87,16,2770,2763,5
2024/01/15 11:34:00 EST,Warning,3137,19,88,89,17,2796,2789,5
2024/01/15 11:34:11 EST,Warning,3162,19,87,87,16,2774,2768,5
2024/01/15 11:34:21 EST,Warning,3158,19,88,88,17,2804,2800,3
2024/01/15 11:34:31 EST,Warning,3177,19,87,87,16,2771,2768,2
2024/01/15 11:34:41 EST,Warning,3153,19,87,87,16,2767,2764,5
2024/01/15 11:34:51 EST,Warning,3157,19,87,87,16,2767,2763,5
2024/01/15 11:35:01 EST,Warning,3162,19,87,87,16,2763,2761,5
2024/01/15 11:35:12 EST,Warning,3147,19,87,87,16,2749,2745,5
2024/01/15 11:35:22 EST,Warning,3123,19,87,87,16,2735,2732,4
2024/01/15 11:35:32 EST,Warning,3123,19,86,86,16,2717,2713,4
2024/01/15 11:35:42 EST,Warning,3120,19,87,88,16,2746,2741,4
2024/01/15 11:35:52 EST,Warning,3116,19,87,87,16,2728,2725,4
2024/01/15 11:36:02 EST,Warning,3106,18,88,88,16,2751,2747,4
2024/01/15 11:36:13 EST,Warning,3101,18,89,89,16,2765,2761,4
2024/01/15 11:36:23 EST,Warning,3114,19,87,88,16,2744,2740,4
2024/01/15 11:36:33 EST,Warning,2995,18,93,94,17,2816,2811,4
2024/01/15 11:36:43 EST,Warning,3118,19,87,88,16,2745,2741,4
2024/01/15 11:36:53 EST,Warning,3112,18,88,88,16,2747,2742,4
2024/01/15 11:37:03 EST,Warning,3115,19,87,88,16,2742,2737,4
2024/01/15 11:37:13 EST,Warning,3107,18,88,88,16,2740,2735,4
2024/01/15 11:37:24 EST,Warning,3112,18,88,88,16,2758,2754,4
2024/01/15 11:37:34 EST,Warning,3087,18,88,88,16,2745,2741,4
2024/01/15 11:37:44 EST,Warning,3093,18,88,88,16,2737,2732,4
2024/01/15 11:37:54 EST,Warning,3106,18,87,87,16,2723,2719,4
2024/01/15 11:38:04 EST,Warning,3093,18,88,88,16,2747,2743,4
2024/01/15 11:38:14 EST,Warning,2982,18,94,94,17,2823,2819,4
2024/01/15 11:38:25 EST,Warning,3126,19,87,88,16,2753,2747,5
2024/01/15 11:38:35 EST,Warning,3132,19,88,88,16,2766,2760,5
2024/01/15 11:38:45 EST,Warning,3117,19,89,89,16,2781,2776,5
2024/01/15 11:38:55 EST,Warning,3133,19,88,88,16,2770,2764,5
2024/01/15 11:39:05 EST,Warning,3145,19,87,87,16,2754,2748,5
2024/01/15 11:39:15 EST,Warning,3141,19,87,88,16,2769,2764,4
2024/01/15 11:39:26 EST,Warning,3140,19,88,88,16,2773,2769,4
2024/01/15 11:39:36 EST,Warning,3135,19,88,88,16,2771,2767,4
2024/01/15 11:39:46 EST,Warning,3124,19,88,88,16,2772,2768,4
2024/01/15 11:39:56 EST,Warning,3128,19,88,88,16,2760,2757,3
2024/01/15 11:40:06 EST,Warning,3127,19,88,89,16,2784,2780,4
2024/01/15 11:40:16 EST,Warning,3134,19,88,88,16,2763,2760,5
2024/01/15 11:40:27 EST,Warning,3157,19,86,86,16,2740,2737,4
2024/01/15 11:40:37 EST,Warning,3135,19,88,88,16,2769,2766,4
2024/01/15 11:40:47 EST,Warning,3141,19,88,88,16,2774,2770,5
2024/01/15 11:40:57 EST,Warning,3152,19,87,87,16,2757,2754,5
2024/01/15 11:41:07 EST,Warning,3123,19,88,88,16,2776,2772,5
2024/01/15 11:41:17 EST,Warning,3110,18,88,88,16,2748,2744,5
2024/01/15 11:41:27 EST,Warning,3106,18,87,88,16,2737,2733,4
2024/01/15 11:41:38 EST,Warning,3089,18,89,89,16,2756,2752,4
2024/01/15 11:41:48 EST,Warning,2953,18,95,96,17,2837,2833,4
2024/01/15 11:41:58 EST,Warning,3093,18,88,88,16,2741,2737,4
2024/01/15 11:42:08 EST,Warning,3106,18,87,87,16,2729,2725,4
2024/01/15 11:42:18 EST,Warning,3096,18,88,88,16,2730,2727,4
2024/01/15 11:42:28 EST,Warning,3112,18,87,87,16,2719,2716,4
2024/01/15 11:42:39 EST,Warning,3107,18,88,88,16,2742,2738,4
2024/01/15 11:42:49 EST,Warning,3111,18,87,88,16,2741,2736,5
2024/01/15 11:42:59 EST,Warning,3089,18,89,89,16,2756,2753,3
2024/01/15 11:43:09 EST,Warning,3117,19,87,87,16,2724,2720,4
2024/01/15 11:43:19 EST,Warning,3080,18,89,89,16,2760,2753,6
2024/01/15 11:43:29 EST,Warning,3105,18,87,87,16,2731,2725,6
2024/01/15 11:43:40 EST,Warning,3090,18,88,88,16,2743,2738,4
2024/01/15 11:43:50 EST,Warning,3114,19,87,87,16,2725,2720,5
2024/01/15 11:44:00 EST,Warning,3131,19,87,87,16,2752,2746,5
2024/01/15 11:44:10 EST,Warning,3106,18,89,89,16,2779,2774,5
2024/01/15 11:44:20 EST,Warning,3124,19,88,88,16,2757,2753,4
2024/01/15 11:44:30 EST,Warning,3106,18,88,89,16,2765,2761,4
2024/01/15 11:44:40 EST,Warning,3139,19,86,86,16,2729,2726,4
2024/01/15 11:44:51 EST,Warning,3147,19,87,87,16,2750,2746,4
2024/01/15 11:45:01 EST,Warning,3131,19,88,88,16,2763,2759,4
2024/01/15 11:45:11 EST,Warning,3150,19,87,87,16,2769,2766,4
2024/01/15 11:45:21 EST,Warning,3131,19,87,87,16,2753,2750,4
2024/01/15 11:45:31 EST,Warning,3123,19,88,88,16,2778,2775,4
2024/01/15 11:45:41 EST,Warning,3119,19,89,89,17,2790,2786,4
2024/01/15 11:45:52 EST,Warning,3136,19,88,88,16,2784,2780,4
2024/01/15 11:46:02 EST,Warning,3128,19,88,88,16,2782,2779,4
2024/01/15 11:46:12 EST,Warning,3129,19,88,88,16,2758,2754,4
2024/01/15 11:46:22 EST,Warning,3131,19,87,87,16,2754,2750,4
2024/01/15 11:46:32 EST,Warning,3136,19,88,89,17,2793,2789,4
2024/01/15 11:46:42 EST,Warning,3163,19,87,87,16,2783,2779,4
2024/01/15 11:46:53 EST,Warning,3141,19,87,87,16,2764,2760,4
2024/01/15 11:47:03 EST,Warning,2966,18,96,96,17,2872,2868,4
2024/01/15 11:47:13 EST,Warning,3137,19,88,88,16,2776,2772,4
2024/01/15 11:47:23 EST,Warning,3131,19,88,88,16,2771,2768,4
2024/01/15 11:47:33 EST,Warning,3143,19,88,88,16,2774,2771,4
2024/01/15 11:47:43 EST,Warning,3208,19,94,94,18,3035,3031,4
2024/01/15 11:47:54 EST,Warning,3615,22,98,99,21,3581,3577,5
2024/01/15 11:48:04 EST,Warning,4096,25,99,99,24,4074,4070,5
2024/01/15 11:48:14 EST,Alert,4592,28,99,99,27,4569,4565,5
2024/01/15 11:48:24 EST,Alert,5085,31,99,99,30,5059,5049,5
2024/01/15 11:48:34 EST,Alert,5570,33,99,99,33,5546,5536,5
2024/01/15 11:48:45 EST,Alert,5955,36,95,95,34,5675,5665,5
2024/01/15 11:48:55 EST,Alert,6018,36,93,93,34,5650,5640,5
2024/01/15 11:49:05 EST,Alert,6035,36,93,93,34,5634,5623,5
2024/01/15 11:49:16 EST,Alert,6022,36,93,93,34,5644,5634,5
2024/01/15 11:49:26 EST,Alert,6017,36,92,92,34,5577,5571,5
2024/01/15 11:49:36 EST,Alert,6027,36,92,93,34,5608,5603,4
2024/01/15 11:49:46 EST,Alert,6012,36,93,93,34,5618,5611,5
2024/01/15 11:49:57 EST,Alert,6013,36,93,93,34,5622,5615,5
2024/01/15 11:50:07 EST,Alert,6023,36,93,93,34,5629,5623,5
2024/01/15 11:50:17 EST,Alert,5984,36,93,93,34,5607,5600,5
2024/01/15 11:50:28 EST,Alert,5980,36,93,93,34,5614,5608,5
2024/01/15 11:50:38 EST,Alert,5999,36,93,93,34,5631,5626,4
2024/01/15 11:50:48 EST,Alert,5998,36,93,93,34,5598,5594,4
2024/01/15 11:50:58 EST,Alert,5988,36,93,93,34,5582,5577,5
2024/01/15 11:51:09 EST,Alert,5969,36,94,94,34,5624,5619,5
2024/01/15 11:51:19 EST,Alert,5999,36,93,93,34,5603,5599,5
2024/01/15 11:51:29 EST,Alert,6010,36,92,92,34,5589,5584,5
2024/01/15 11:51:39 EST,Alert,5997,36,93,93,34,5588,5582,5
2024/01/15 11:51:50 EST,Alert,5991,36,93,93,34,5601,5595,5
2024/01/15 11:52:00 EST,Alert,5987,36,93,93,34,5600,5597,3
2024/01/15 11:52:10 EST,Alert,5990,36,93,93,34,5604,5602,3
2024/01/15 11:52:21 EST,Alert,5885,35,96,96,34,5680,5676,4
2024/01/15 11:52:31 EST,Alert,6002,36,93,93,34,5611,5607,5
2024/01/15 11:52:41 EST,Alert,5972,36,93,93,34,5584,5579,5
2024/01/15 11:52:51 EST,Alert,5977,36,93,93,34,5598,5594,4
2024/01/15 11:53:02 EST,Alert,5984,36,93,93,34,5588,5584,5
2024/01/15 11:53:12 EST,Alert,5977,36,93,93,34,5578,5575,4
2024/01/15 11:53:22 EST,Alert,5999,36,93,93,34,5616,5608,5
2024/01/15 11:53:33 EST,Alert,5981,36,93,93,34,5614,5603,5
2024/01/15 11:53:43 EST,Alert,6011,36,92,92,33,5570,5560,5
2024/01/15 11:53:53 EST,Alert,5994,36,93,93,34,5603,5593,5
2024/01/15 11:54:03 EST,Alert,5998,36,93,93,34,5603,5594,4
2024/01/15 11:54:14 EST,Alert,5996,36,93,93,34,5626,5617,5
2024/01/15 11:54:24 EST,Alert,6017,36,93,93,34,5620,5617,4
2024/01/15 11:54:34 EST,Alert,6012,36,93,93,34,5625,5619,5
2024/01/15 11:54:44 EST,Alert,6020,36,93,93,34,5650,5643,6
2024/01/15 11:54:55 EST,Alert,6035,36,92,93,34,5617,5609,6
2024/01/15 11:55:05 EST,Alert,5990,36,94,94,34,5643,5634,6
2024/01/15 11:55:15 EST,Alert,6021,36,93,93,34,5631,5623,5
2024/01/15 11:55:26 EST,Alert,6025,36,92,93,34,5605,5598,5
2024/01/15 11:55:36 EST,Alert,6018,36,93,93,34,5637,5631,6
2024/01/15 11:55:46 EST,Alert,6024,36,93,93,34,5612,5609,3
2024/01/15 11:55:56 EST,Alert,6014,36,93,93,34,5612,5607,4
2024/01/15 11:56:07 EST,Alert,6005,36,93,93,34,5623,5619,5
2024/01/15 11:56:17 EST,Alert,5993,36,93,93,34,5600,5595,4
2024/01/15 11:56:27 EST,Alert,5997,36,93,93,34,5606,5601,4
2024/01/15 11:56:38 EST,Alert,5972,36,93,93,34,5585,5582,3
2024/01/15 11:56:48 EST,Alert,5975,36,93,93,34,5612,5606,5
2024/01/15 11:56:58 EST,Alert,5995,36,93,93,34,5608,5602,5
2024/01/15 11:57:08 EST,Alert,6010,36,93,93,34,5619,5616,3
2024/01/15 11:57:19 EST,Alert,5986,36,93,93,34,5608,5604,4
2024/01/15 11:57:29 EST,Alert,5986,36,93,93,34,5608,5604,4
2024/01/15 11:57:39 EST,Alert,5948,36,94,94,34,5600,5596,4
2024/01/15 11:57:49 EST,Alert,5951,36,93,93,34,5583,5580,4
2024/01/15 11:58:00 EST,Alert,5973,36,93,93,34,5586,5582,4
2024/01/15 11:58:10 EST,Alert,5972,36,93,93,34,5597,5593,4
2024/01/15 11:58:20 EST,Alert,5965,36,93,93,34,5601,5591,5
2024/01/15 11:58:31 EST,Alert,5991,36,93,93,34,5605,5595,5
2024/01/15 11:58:41 EST,Alert,6016,36,92,92,34,5593,5583,5
2024/01/15 11:58:51 EST,Alert,5980,36,93,93,34,5601,5590,5
2024/01/15 11:59:01 EST,Alert,5977,36,92,93,33,5561,5552,4
2024/01/15 11:59:12 EST,Alert,5973,36,93,93,34,5589,5580,4
2024/01/15 11:59:22 EST,Alert,5973,36,93,93,34,5598,5592,5
2024/01/15 11:59:24 EST,Alert,5842,35,96,96,34,5653,5647,5
2024/01/15 11:59:32 EST,Alert,5958,36,93,93,34,5580,5574,5
2024/01/15 11:59:43 EST,Alert,5968,36,93,93,34,5599,5593,5
2024/01/15 11:59:53 EST,Alert,5980,36,92,92,33,5557,5551,5
2024/01/15 12:00:03 EST,Alert,5988,36,93,93,34,5598,5591,5
2024/01/15 12:00:13 EST,Alert,6008,36,92,93,34,5592,5585,5
2024/01/15 12:00:24 EST,Alert,6015,36,92,93,34,5599,5592,5
2024/01/15 12:00:34 EST,Alert,6014,36,93,93,34,5610,5605,5
2024/01/15 12:00:44 EST,Alert,6009,36,93,93,34,5629,5624,5
2024/01/15 12:00:54 EST,Alert,6033,36,92,93,34,5612,5608,4
2024/01/15 12:01:05 EST,Alert,6009,36,93,93,34,5602,5597,5
2024/01/15 12:01:15 EST,Alert,6001,36,93,93,34,5604,5601,3
2024/01/15 12:01:25 EST,Alert,5996,36,93,93,34,5634,5633,2
2024/01/15 12:01:36 EST,Alert,6019,36,93,93,34,5618,5615,4
2024/01/15 12:01:46 EST,Alert,5999,36,94,94,34,5647,5644,5
2024/01/15 12:01:56 EST,Alert,6028,36,92,92,34,5585,5580,5
2024/01/15 12:02:07 EST,Alert,6001,36,93,93,34,5626,5623,4
2024/01/15 12:02:17 EST,Alert,6004,36,93,93,34,5607,5604,5
2024/01/15 12:02:27 EST,Alert,6005,36,93,93,34,5596,5593,4
2024/01/15 12:02:37 EST,Alert,5980,36,94,94,34,5635,5631,4
2024/01/15 12:02:48 EST,Alert,5808,35,88,88,31,5128,5126,4
2024/01/15 12:02:58 EST,Alert,5317,32,87,87,28,4645,4641,5
2024/01/15 12:03:08 EST,Alert,4841,29,86,86,25,4178,4174,5
2024/01/15 12:03:18 EST,Alert,4269,26,86,86,22,3710,3706,5
2024/01/15 12:03:28 EST,Warning,3867,23,81,81,19,3158,3153,5
2024/01/15 12:03:39 EST,Warning,3387,20,78,78,16,2674,2669,5
2024/01/15 12:03:49 EST,Warning,3133,19,87,87,16,2749,2743,5
2024/01/15 12:03:59 EST,Warning,3142,19,87,87,16,2746,2742,4
2024/01/15 12:04:09 EST,Warning,3159,19,87,87,16,2770,2764,5
2024/01/15 12:04:19 EST,Warning,3162,19,86,87,16,2752,2748,5
2024/01/15 12:04:29 EST,Warning,3141,19,88,88,17,2793,2791,5
2024/01/15 12:04:40 EST,Warning,3145,19,88,88,16,2781,2778,4
2024/01/15 12:04:50 EST,Warning,3153,19,87,87,16,2769,2766,4
2024/01/15 12:05:00 EST,Warning,3136,19,88,88,16,2776,2772,5
2024/01/15 12:05:10 EST,Warning,3127,19,88,88,16,2757,2753,5
2024/01/15 12:05:20 EST,Warning,3127,19,87,87,16,2750,2748,4
2024/01/15 12:05:30 EST,Warning,3097,18,89,89,16,2770,2766,4
2024/01/15 12:05:41 EST,Warning,3108,18,87,88,16,2736,2732,4
2024/01/15 12:05:51 EST,Warning,3102,18,88,88,16,2736,2733,4
2024/01/15 12:06:01 EST,Warning,3105,18,88,88,16,2737,2734,4
2024/01/15 12:06:11 EST,Warning,3109,18,88,89,16,2771,2767,5
2024/01/15 12:06:21 EST,Warning,3130,19,88,88,16,2760,2755,5
2024/01/15 12:06:31 EST,Warning,3113,19,88,88,16,2754,2745,5
2024/01/15 12:06:41 EST,Warning,3113,19,88,88,16,2756,2748,5
2024/01/15 12:06:52 EST,Warning,3148,19,86,87,16,2746,2736,5
2024/01/15 12:07:02 EST,Warning,3140,19,87,88,16,2770,2760,6
2024/01/15 12:07:12 EST,Warning,3135,19,88,88,16,2781,2773,6
2024/01/15 12:07:22 EST,Warning,3155,19,87,87,16,2756,2747,6
2024/01/15 12:07:32 EST,Warning,3160,19,87,87,16,2762,2756,6
2024/01/15 12:07:42 EST,Warning,3150,19,87,88,16,2773,2770,4
2024/01/15 12:07:53 EST,Warning,3152,19,87,87,16,2766,2762,4
2024/01/15 12:08:03 EST,Warning,3161,19,87,87,16,2758,2754,5
2024/01/15 12:08:13 EST,Warning,2948,17,97,97,17,2877,2873,5
2024/01/15 12:08:23 EST,Warning,3138,19,87,87,16,2756,2748,4
2024/01/15 12:08:33 EST,Warning,3122,19,88,88,16,2775,2765,5
2024/01/15 12:08:43 EST,Warning,3129,19,87,87,16,2738,2732,5
2024/01/15 12:08:54 EST,Warning,3117,19,88,88,16,2751,2743,5
2024/01/15 12:09:04 EST,Warning,3118,19,87,87,16,2728,2721,4
2024/01/15 12:09:14 EST,Warning,3121,19,87,87,16,2733,2725,5
2024/01/15 12:09:24 EST,Warning,3120,19,87,87,16,2739,2734,5
2024/01/15 12:09:34 EST,Warning,3104,18,88,88,16,2759,2755,5
2024/01/15 12:09:44 EST,Warning,3139,19,86,86,16,2723,2718,5
2024/01/15 12:09:54 EST,Warning,3141,19,86,86,16,2711,2706,5
2024/01/15 12:10:05 EST,Warning,3136,19,86,86,16,2721,2716,5
2024/01/15 12:10:15 EST,Warning,3120,19,87,88,16,2746,2741,5
2024/01/15 12:10:25 EST,Warning,3139,19,87,87,16,2759,2755,5
2024/01/15 12:10:35 EST,Warning,3157,19,87,87,16,2759,2756,4
2024/01/15 12:10:45 EST,Warning,3150,19,87,87,16,2755,2752,3
2024/01/15 12:10:55 EST,Warning,3128,19,88,88,16,2757,2753,4
2024/01/15 12:11:06 EST,Warning,3131,19,87,88,16,2757,2753,4
2024/01/15 12:11:16 EST,Warning,3131,19,87,87,16,2745,2742,4
2024/01/15 12:11:26 EST,Warning,3136,19,86,87,16,2732,2728,4
2024/01/15 12:11:36 EST,Warning,3119,19,87,87,16,2744,2741,3
2024/01/15 12:11:46 EST,Warning,3130,19,86,86,16,2714,2711,3
2024/01/15 12:11:56 EST,Warning,3132,19,88,88,16,2767,2764,3
2024/01/15 12:12:07 EST,Warning,3138,19,88,88,16,2773,2771,2
2024/01/15 12:12:17 EST,Warning,3131,19,88,88,16,2761,2757,4
2024/01/15 12:12:27 EST,Warning,3135,19,88,88,16,2765,2761,4
2024/01/15 12:12:37 EST,Warning,3124,19,88,88,16,2765,2760,4
2024/01/15 12:12:47 EST,Warning,3123,19,88,88,16,2757,2753,4
2024/01/15 12:12:57 EST,Warning,3124,19,88,88,16,2770,2766,4
2024/01/15 12:13:07 EST,Warning,3136,19,88,88,16,2774,2771,3
2024/01/15 12:13:18 EST,Warning,3100,18,90,90,17,2799,2792,5
2024/01/15 12:13:28 EST,Warning,3143,19,88,89,17,2801,2794,4
2024/01/15 12:13:38 EST,Warning,3151,19,88,88,17,2788,2780,5
2024/01/15 12:13:48 EST,Warning,3142,19,88,89,17,2797,2789,5
2024/01/15 12:13:58 EST,Warning,3150,19,88,89,17,2805,2796,5
2024/01/15 12:14:08 EST,Warning,3162,19,87,88,16,2785,2778,4
2024/01/15 12:14:19 EST,Warning,3135,19,88,89,17,2794,2787,4
2024/01/15 12:14:29 EST,Warning,3136,19,88,88,16,2770,2763,5
2024/01/15 12:14:39 EST,Warning,3127,19,88,88,16,2770,2764,5
2024/01/15 12:14:49 EST,Warning,3142,19,87,87,16,2740,2734,5
2024/01/15 12:14:59 EST,Warning,3118,19,88,88,16,2765,2761,5
2024/01/15 12:15:09 EST,Warning,3129,19,88,89,17,2789,2784,5
2024/01/15 12:15:20 EST,Warning,3140,19,88,88,16,2770,2766,4
2024/01/15 12:15:30 EST,Warning,3123,19,88,88,16,2776,2774,4
2024/01/15 12:15:40 EST,Warning,3143,19,87,87,16,2759,2755,5
2024/01/15 12:15:50 EST,Warning,3150,19,87,87,16,2769,2764,5
2024/01/15 12:16:00 EST,Warning,3154,19,87,87,16,2769,2765,5
2024/01/15 12:16:10 EST,Warning,3136,19,88,88,16,2774,2770,5
2024/01/15 12:16:20 EST,Warning,3153,19,87,87,16,2757,2754,3
2024/01/15 12:16:31 EST,Warning,3111,18,89,89,17,2795,2791,4
2024/01/15 12:16:41 EST,Warning,3070,18,87,87,16,2697,2695,4
2024/01/15 12:16:51 EST,Warning,2610,15,84,84,13,2203,2199,5
2024/01/15 12:17:01 EST,Warning,2111,12,81,82,10,1732,1728,4
2024/01/15 12:17:11 EST,Warning,1649,10,74,74,7,1235,1232,4
2024/01/15 12:17:21 EST,Warning,1100,6,68,69,4,761,758,5
2024/01/15 12:17:31 EST,Safe,491,2,71,71,2,352,349,3
2024/01/15 12:17:41 EST,Safe,42,0,14,21,0,9,6,4
2024/01/15 12:17:51 EST,Safe,40,0,17,25,0,10,7,3
2024/01/15 12:18:02 EST,Safe,41,0,19,29,0,12,8,5
2024/01/15 12:18:12 EST,Safe,44,0,20,29,0,13,9,4
2024/01/15 12:18:22 EST,Safe,52,0,19,34,0,18,10,5
2024/01/15 12:18:32 EST,Safe,52,0,19,34,0,18,10,5
2024/01/15 12:18:42 EST,Safe,61,0,18,32,0,20,11,6
2024/01/15 12:18:52 EST,Safe,65,0,15,29,0,19,10,6
2024/01/15 12:19:02 EST,Safe,66,0,13,27,0,18,9,5
2024/01/15 12:19:12 EST,Safe,64,0,14,29,0,19,9,6
2024/01/15 12:19:22 EST,Safe,64,0,14,25,0,16,9,6
2024/01/15 12:19:32 EST,Safe,63,0,14,25,0,16,9,6
2024/01/15 12:19:42 EST,Safe,59,0,15,25,0,15,9,5
2024/01/15 12:19:52 EST,Safe,58,0,17,27,0,16,10,5
2024/01/15 12:20:02 EST,Safe,50,0,20,30,0,15,10,5
2024/01/15 12:20:12 EST,Safe,52,0,21,28,0,15,11,4
2024/01/15 12:20:22 EST,Safe,129,0,68,72,0,94,89,5
2024/01/15 12:20:32 EST,Warning,610,3,93,93,3,572,568,4
2024/01/15 12:20:42 EST,Warning,1086,6,96,96,6,1050,1046,5
2024/01/15 12:20:53 EST,Warning,1562,9,97,97,9,1530,1526,4
2024/01/15 12:21:03 EST,Warning,2045,12,98,98,12,2012,2008,4
2024/01/15 12:21:13 EST,Warning,2534,15,98,98,15,2503,2499,4
2024/01/15 12:21:23 EST,Warning,3022,18,98,99,18,2992,2989,3
2024/01/15 12:21:33 EST,Warning,3512,21,99,99,21,3483,3479,4
2024/01/15 12:21:43 EST,Warning,4001,24,99,99,24,3970,3966,4
2024/01/15 12:21:54 EST,Alert,4489,27,99,99,27,4461,4457,4
2024/01/15 12:22:04 EST,Alert,4980,30,99,99,30,4955,4951,4
2024/01/15 12:22:14 EST,Alert,5464,33,99,99,33,5444,5440,4
2024/01/15 12:22:24 EST,Alert,5901,36,95,96,34,5665,5661,4
2024/01/15 12:22:35 EST,Alert,5994,36,93,93,34,5588,5586,2
2024/01/15 12:22:45 EST,Alert,5969,36,93,93,34,5590,5586,4
2024/01/15 12:22:55 EST,Alert,6000,36,93,93,34,5604,5601,3
2024/01/15 12:23:06 EST,Alert,5986,36,93,93,34,5620,5617,3
2024/01/15 12:23:16 EST,Alert,5898,35,95,95,34,5654,5649,5
2024/01/15 12:23:26 EST,Alert,5975,36,93,93,34,5607,5601,5
2024/01/15 12:23:36 EST,Alert,5978,36,93,93,34,5598,5592,5
2024/01/15 12:23:47 EST,Alert,5998,36,93,93,34,5596,5591,4
2024/01/15 12:23:57 EST,Alert,5954,36,94,94,34,5632,5626,5
2024/01/15 12:24:07 EST,Alert,5995,36,93,93,34,5582,5577,4
2024/01/15 12:24:17 EST,Alert,5982,36,93,93,34,5610,5605,5
2024/01/15 12:24:28 EST,Alert,5976,36,94,94,34,5653,5650,3
2024/01/15 12:24:38 EST,Alert,6011,36,93,93,34,5614,5611,4
2024/01/15 12:24:48 EST,Alert,6000,36,94,94,34,5649,5645,4
2024/01/15 12:24:59 EST,Alert,5996,36,93,93,34,5632,5629,3
2024/01/15 12:25:09 EST,Alert,6015,36,93,93,34,5649,5645,4
2024/01/15 12:25:19 EST,Alert,6005,36,93,93,34,5618,5614,4
2024/01/15 12:25:29 EST,Alert,6011,36,93,93,34,5605,5601,4
2024/01/15 12:25:40 EST,Alert,6035,36,93,93,34,5631,5627,4
2024/01/15 12:25:50 EST,Alert,6002,36,94,94,34,5650,5646,4
2024/01/15 12:26:00 EST,Alert,6021,36,93,93,34,5624,5620,4
2024/01/15 12:26:11 EST,Alert,6008,36,93,93,34,5629,5626,3
2024/01/15 12:26:21 EST,Alert,5994,36,94,94,34,5648,5644,4
2024/01/15 12:26:31 EST,Alert,6006,36,93,93,34,5593,5590,4
2024/01/15 12:26:41 EST,Alert,6005,36,93,93,34,5640,5636,4
2024/01/15 12:26:52 EST,Alert,6005,36,93,93,34,5615,5611,4
2024/01/15 12:27:02 EST,Alert,6005,36,93,94,34,5645,5641,4
2024/01/15 12:27:12 EST,Alert,6011,36,93,93,34,5616,5612,4
2024/01/15 12:27:22 EST,Alert,5990,36,93,93,34,5608,5605,4
2024/01/15 12:27:33 EST,Alert,5991,36,93,93,34,5600,5598,4
2024/01/15 12:27:43 EST,Alert,5962,36,94,94,34,5613,5610,4
2024/01/15 12:27:53 EST,Alert,5994,36,93,93,34,5588,5585,4
2024/01/15 12:28:04 EST,Alert,5985,36,93,93,34,5590,5586,4
2024/01/15 12:28:14 EST,Alert,5827,35,97,97,34,5691,5687,5
2024/01/15 12:28:24 EST,Alert,5975,36,92,93,33,5561,5551,5
2024/01/15 12:28:34 EST,Alert,5967,36,93,93,33,5569,5561,4
2024/01/15 12:28:45 EST,Alert,5987,36,92,92,33,5560,5549,5
2024/01/15 12:28:55 EST,Alert,5978,36,93,93,34,5594,5582,5
2024/01/15 12:29:05 EST,Alert,5963,36,93,93,33,5559,5548,5
2024/01/15 12:29:16 EST,Alert,5970,36,93,93,33,5570,5560,5
2024/01/15 12:29:26 EST,Alert,5963,36,93,94,34,5606,5599,5
2024/01/15 12:29:36 EST,Alert,5964,36,93,93,34,5589,5582,5
2024/01/15 12:29:46 EST,Alert,5964,36,93,93,34,5573,5567,4
2024/01/15 12:29:57 EST,Alert,5987,36,93,93,34,5588,5582,5
2024/01/15 12:30:07 EST,Alert,5973,36,93,93,34,5598,5593,4
2024/01/15 12:30:17 EST,Alert,5995,36,93,93,34,5601,5595,5
2024/01/15 12:30:27 EST,Alert,6014,36,92,92,34,5592,5588,4
2024/01/15 12:30:38 EST,Alert,6002,36,93,93,34,5608,5605,3
2024/01/15 12:30:48 EST,Alert,5998,36,93,93,34,5628,5623,5
2024/01/15 12:30:58 EST,Alert,6018,36,93,93,34,5609,5606,3
2024/01/15 12:31:09 EST,Alert,6017,36,93,93,34,5637,5633,5
2024/01/15 12:31:19 EST,Alert,6001,36,93,93,34,5633,5628,5
2024/01/15 12:31:29 EST,Alert,6021,36,93,93,34,5641,5636,5
2024/01/15 12:31:39 EST,Alert,6039,36,93,93,34,5629,5625,4
2024/01/15 12:31:50 EST,Alert,6028,36,93,93,34,5617,5613,4
2024/01/15 12:32:00 EST,Alert,6026,36,93,93,34,5634,5630,4
2024/01/15 12:32:10 EST,Alert,6020,36,93,93,34,5648,5645,3
2024/01/15 12:32:20 EST,Alert,6029,36,93,93,34,5625,5621,3
2024/01/15 12:32:31 EST,Alert,6041,36,93,93,34,5628,5625,4
2024/01/15 12:32:41 EST,Alert,6044,36,93,93,34,5644,5640,4
2024/01/15 12:32:51 EST,Alert,6002,36,93,93,34,5635,5631,4
2024/01/15 12:33:02 EST,Alert,6018,36,92,92,34,5592,5588,5
2024/01/15 12:33:12 EST,Alert,6014,36,93,93,34,5631,5627,5
2024/01/15 12:33:22 EST,Alert,6009,36,93,93,34,5623,5614,4
2024/01/15 12:33:32 EST,Alert,5997,36,93,93,34,5599,5590,5
2024/01/15 12:33:43 EST,Alert,5980,36,93,93,34,5587,5578,5
2024/01/15 12:33:53 EST,Alert,5992,36,93,93,34,5607,5596,4
2024/01/15 12:34:03 EST,Alert,5963,36,93,93,34,5601,5591,5
2024/01/15 12:34:14 EST,Alert,5980,36,92,93,33,5567,5558,5
2024/01/15 12:34:24 EST,Alert,5817,35,97,97,34,5657,5651,5
2024/01/15 12:34:34 EST,Alert,5969,36,92,92,33,5543,5538,4
2024/01/15 12:34:44 EST,Alert,5951,36,93,93,33,5565,5559,5
2024/01/15 12:34:55 EST,Alert,5954,36,94,94,34,5614,5608,5
2024/01/15 12:35:05 EST,Alert,5954,36,93,93,34,5587,5581,5
2024/01/15 12:35:15 EST,Alert,5966,36,93,93,33,5570,5566,5
2024/01/15 12:35:26 EST,Alert,5971,36,93,93,34,5596,5590,5
2024/01/15 12:35:36 EST,Alert,5961,36,93,93,33,5556,5552,4
2024/01/15 12:35:46 EST,Alert,5962,36,93,93,34,5575,5572,3
2024/01/15 12:35:56 EST,Alert,5988,36,93,93,34,5573,5570,3
2024/01/15 12:36:07 EST,Alert,5984,36,93,93,34,5601,5598,3
2024/01/15 12:36:17 EST,Alert,5985,36,93,93,34,5609,5605,4
2024/01/15 12:36:27 EST,Alert,5868,35,89,89,31,5232,5228,4
2024/01/15 12:36:37 EST,Alert,5450,33,86,86,28,4721,4718,5
2024/01/15 12:36:48 EST,Alert,4958,30,85,85,25,4234,4229,4
2024/01/15 12:36:58 EST,Alert,4433,27,85,85,23,3781,3775,5
2024/01/15 12:37:08 EST,Warning,3977,24,82,82,20,3289,3286,3
2024/01/15 12:37:18 EST,Warning,3488,21,79,79,16,2775,2770,4
2024/01/15 12:37:28 EST,Warning,3155,19,87,87,16,2775,2770,5
2024/01/15 12:37:39 EST,Warning,3148,19,88,88,16,2781,2775,5
2024/01/15 12:37:49 EST,Warning,3132,19,88,88,16,2780,2777,4
2024/01/15 12:37:59 EST,Warning,3133,19,88,88,16,2777,2773,4
2024/01/15 12:38:09 EST,Warning,3156,19,87,87,16,2754,2751,3
2024/01/15 12:38:19 EST,Warning,3095,18,89,90,17,2793,2783,5
2024/01/15 12:38:29 EST,Warning,3119,19,89,89,17,2787,2776,5
2024/01/15 12:38:39 EST,Warning,3150,19,87,88,16,2775,2766,5
2024/01/15 12:38:50 EST,Warning,3138,19,88,88,16,2784,2775,5
2024/01/15 12:39:00 EST,Warning,3147,19,88,88,16,2784,2772,5
2024/01/15 12:39:10 EST,Warning,3148,19,87,87,16,2768,2757,5
2024/01/15 12:39:20 EST,Warning,3149,19,87,87,16,2756,2747,5
2024/01/15 12:39:30 EST,Warning,3144,19,87,88,16,2769,2762,5
2024/01/15 12:39:40 EST,Warning,3032,18,92,93,17,2827,2819,5
2024/01/15 12:39:51 EST,Warning,3129,19,88,89,17,2788,2780,5
2024/01/15 12:40:01 EST,Warning,3119,19,88,88,16,2759,2753,5
2024/01/15 12:40:11 EST,Warning,3120,19,88,88,16,2757,2751,5
2024/01/15 12:40:21 EST,Warning,3120,19,88,88,16,2758,2752,5
2024/01/15 12:40:31 EST,Warning,3117,19,88,88,16,2773,2771,3
2024/01/15 12:40:41 EST,Warning,3122,19,87,87,16,2745,2741,5
2024/01/15 12:40:52 EST,Warning,3142,19,87,87,16,2756,2752,5
2024/01/15 12:41:02 EST,Warning,3127,19,89,89,17,2790,2787,4
2024/01/15 12:41:12 EST,Warning,3123,19,88,88,16,2767,2764,4
2024/01/15 12:41:22 EST,Warning,3111,18,88,89,16,2770,2766,5
2024/01/15 12:41:32 EST,Warning,3118,19,88,88,16,2765,2763,3
2024/01/15 12:41:42 EST,Warning,3126,19,88,88,16,2761,2759,4
2024/01/15 12:41:52 EST,Warning,3118,19,88,88,16,2767,2764,5
2024/01/15 12:42:03 EST,Warning,3138,19,87,87,16,2742,2738,4
2024/01/15 12:42:05 EST,Warning,3013,18,93,93,17,2811,2809,4
2024/01/15 12:42:13 EST,Warning,3112,18,89,89,16,2782,2778,4
2024/01/15 12:42:23 EST,Warning,3126,19,88,88,16,2771,2768,4
2024/01/15 12:42:33 EST,Warning,3125,19,88,88,16,2759,2755,4
2024/01/15 12:42:43 EST,Warning,3135,19,88,88,16,2764,2759,5
2024/01/15 12:42:53 EST,Warning,3121,19,89,89,16,2783,2778,5
2024/01/15 12:43:04 EST,Warning,3128,19,88,88,16,2761,2756,5
2024/01/15 12:43:14 EST,Warning,2948,17,96,96,17,2841,2836,5
2024/01/15 12:43:24 EST,Warning,3114,19,87,87,16,2738,2731,6
2024/01/15 12:43:34 EST,Warning,3113,19,87,87,16,2737,2731,6
2024/01/15 12:43:44 EST,Warning,3118,19,88,88,16,2755,2751,4
2024/01/15 12:43:54 EST,Warning,3092,18,88,88,16,2730,2727,3
2024/01/15 12:44:05 EST,Warning,3097,18,87,88,16,2726,2720,5
2024/01/15 12:44:15 EST,Warning,3098,18,88,88,16,2741,2735,5
2024/01/15 12:44:25 EST,Warning,3078,18,89,89,16,2767,2763,4
2024/01/15 12:44:35 EST,Warning,3098,18,88,88,16,2741,2737,4
2024/01/15 12:44:45 EST,Warning,3095,18,88,88,16,2742,2739,3
2024/01/15 12:44:55 EST,Warning,2985,18,94,94,17,2831,2827,4
2024/01/15 12:45:05 EST,Warning,3121,19,87,87,16,2730,2729,2
2024/01/15 12:45:16 EST,Warning,3123,19,87,87,16,2745,2743,3
2024/01/15 12:45:26 EST,Warning,3128,19,88,88,16,2762,2757,5
2024/01/15 12:45:36 EST,Warning,3132,19,87,88,16,2761,2755,5
2024/01/15 12:45:46 EST,Warning,3142,19,87,87,16,2739,2735,4
2024/01/15 12:45:56 EST,Warning,3126,19,88,88,16,2763,2758,5
2024/01/15 12:46:06 EST,Warning,3117,19,88,88,16,2770,2764,5
2024/01/15 12:46:17 EST,Warning,3125,19,88,88,16,2756,2751,5
2024/01/15 12:46:27 EST,Warning,3147,19,87,87,16,2763,2760,4
2024/01/15 12:46:37 EST,Warning,3134,19,87,87,16,2755,2751,4
2024/01/15 12:46:47 EST,Warning,3136,19,88,88,16,2776,2772,4
2024/01/15 12:46:57 EST,Warning,3136,19,88,88,16,2782,2778,4
2024/01/15 12:47:07 EST,Warning,3152,19,87,87,16,2768,2765,3
2024/01/15 12:47:18 EST,Warning,3162,19,87,87,16,2771,2767,4
2024/01/15 12:47:28 EST,Warning,3149,19,88,88,16,2782,2778,4
2024/01/15 12:47:38 EST,Warning,3152,19,87,87,16,2758,2754,4
2024/01/15 12:47:48 EST,Warning,3145,19,87,87,16,2747,2744,4
2024/01/15 12:47:58 EST,Warning,3133,19,88,88,16,2774,2770,4
2024/01/15 12:48:08 EST,Warning,3119,19,89,89,16,2785,2781,4
2024/01/15 12:48:18 EST,Warning,3102,18,89,89,16,2785,2777,5
2024/01/15 12:48:29 EST,Warning,3148,19,87,87,16,2750,2740,5
2024/01/15 12:48:39 EST,Warning,3110,18,88,89,16,2771,2762,5
2024/01/15 12:48:49 EST,Warning,3113,19,87,88,16,2747,2737,5
2024/01/15 12:48:59 EST,Warning,3098,18,88,88,16,2754,2747,4
2024/01/15 12:49:09 EST,Warning,3116,19,88,88,16,2754,2744,5
2024/01/15 12:49:19 EST,Warning,3121,19,87,88,16,2751,2743,5
2024/01/15 12:49:30 EST,Warning,3109,18,88,88,16,2754,2748,5
2024/01/15 12:49:40 EST,Warning,3113,19,88,89,16,2771,2765,5
2024/01/15 12:49:50 EST,Warning,3097,18,88,88,16,2743,2736,5
2024/01/15 12:50:00 EST,Warning,3103,18,88,88,16,2741,2736,4
2024/01/15 12:50:10 EST,Warning,2950,18,95,95,17,2816,2811,5
2024/01/15 12:50:20 EST,Warning,3098,18,87,87,16,2724,2718,5
2024/01/15 12:50:31 EST,Warning,3083,18,89,89,16,2763,2759,4
2024/01/15 12:50:41 EST,Warning,3096,18,89,89,16,2762,2758,4
2024/01/15 12:50:51 EST,Warning,3103,18,88,88,16,2749,2745,4
2024/01/15 12:51:01 EST,Warning,3112,18,88,88,16,2744,2742,3
2024/01/15 12:51:11 EST,Warning,3119,19,87,87,16,2731,2728,4
2024/01/15 12:51:21 EST,Warning,3116,19,89,89,16,2780,2778,3
2024/01/15 12:51:32 EST,Warning,3425,20,99,99,20,3406,3402,4
2024/01/15 12:51:42 EST,Warning,3920,23,99,99,23,3897,3893,5
2024/01/15 12:51:52 EST,Alert,4411,26,99,99,26,4388,4382,5
2024/01/15 12:52:02 EST,Alert,4904,29,99,99,29,4883,4877,5
2024/01/15 12:52:12 EST,Alert,5398,32,99,99,32,5377,5371,5
2024/01/15 12:52:23 EST,Alert,5867,35,97,97,34,5717,5712,5
2024/01/15 12:52:33 EST,Alert,6002,36,93,93,34,5621,5616,5
2024/01/15 12:52:43 EST,Alert,6001,36,94,94,34,5652,5646,5
2024/01/15 12:52:54 EST,Alert,6013,36,93,93,34,5633,5629,3
2024/01/15 12:53:04 EST,Alert,6020,36,93,93,34,5654,5650,5
2024/01/15 12:53:14 EST,Alert,5880,35,97,97,35,5750,5747,4
2024/01/15 12:53:24 EST,Alert,6052,36,92,92,34,5623,5613,5
2024/01/15 12:53:35 EST,Alert,6043,36,93,93,34,5629,5620,5
2024/01/15 12:53:45 EST,Alert,6041,36,93,93,34,5636,5626,5
2024/01/15 12:53:55 EST,Alert,6045,36,92,92,34,5616,5607,4
2024/01/15 12:53:58 EST,Alert,5919,36,96,96,34,5697,5687,5
2024/01/15 12:54:05 EST,Alert,5976,36,94,94,34,5657,5647,5
2024/01/15 12:54:16 EST,Alert,5999,36,93,93,34,5607,5599,4
2024/01/15 12:54:26 EST,Alert,5988,36,93,93,34,5618,5612,5
2024/01/15 12:54:36 EST,Alert,5986,36,93,93,34,5595,5589,5
2024/01/15 12:54:47 EST,Alert,5986,36,92,92,33,5565,5559,5
2024/01/15 12:54:57 EST,Alert,5959,36,93,93,33,5569,5563,5
2024/01/15 12:55:07 EST,Alert,5959,36,93,93,34,5577,5568,6
2024/01/15 12:55:17 EST,Alert,5962,36,92,92,33,5538,5529,6
2024/01/15 12:55:28 EST,Alert,5874,35,95,96,34,5646,5638,5
2024/01/15 12:55:38 EST,Alert,5963,36,92,93,33,5548,5541,6
2024/01/15 12:55:48 EST,Alert,5977,36,92,92,33,5551,5546,5
2024/01/15 12:55:58 EST,Alert,5967,36,93,93,34,5576,5571,5
2024/01/15 12:56:09 EST,Alert,5972,36,93,93,33,5566,5562,4
2024/01/15 12:56:19 EST,Alert,5973,36,93,93,34,5581,5577,3
2024/01/15 12:56:29 EST,Alert,5966,36,93,93,34,5591,5587,4
2024/01/15 12:56:40 EST,Alert,5946,36,93,94,34,5590,5585,4
2024/01/15 12:56:50 EST,Alert,5971,36,93,93,33,5568,5564,4
2024/01/15 12:57:00 EST,Alert,5965,36,93,93,33,5568,5565,3
2024/01/15 12:57:10 EST,Alert,5944,36,94,94,34,5596,5593,3
2024/01/15 12:57:21 EST,Alert,5957,36,92,92,33,5537,5535,3
2024/01/15 12:57:31 EST,Alert,5939,36,93,93,33,5567,5564,3
2024/01/15 12:57:41 EST,Alert,5945,36,93,93,34,5578,5575,4
2024/01/15 12:57:52 EST,Alert,5932,36,93,93,33,5563,5559,4
2024/01/15 12:58:02 EST,Alert,5933,36,93,93,33,5570,5566,4
2024/01/15 12:58:12 EST,Alert,5955,36,93,93,34,5580,5576,4
2024/01/15 12:58:22 EST,Alert,5957,36,93,93,33,5560,5551,5
2024/01/15 12:58:33 EST,Alert,5957,36,93,93,34,5576,5566,5
2024/01/15 12:58:43 EST,Alert,5957,36,93,93,34,5585,5575,5
2024/01/15 12:58:53 EST,Alert,5979,36,93,93,34,5596,5588,4
2024/01/15 12:59:03 EST,Alert,5997,36,92,93,34,5578,5570,4
2024/01/15 12:59:14 EST,Alert,5972,36,94,94,34,5637,5628,4
2024/01/15 12:59:24 EST,Alert,6008,36,92,92,34,5580,5574,5
2024/01/15 12:59:34 EST,Alert,5996,36,93,93,34,5617,5612,5
2024/01/15 12:59:45 EST,Alert,5981,36,93,93,34,5580,5574,5
2024/01/15 12:59:55 EST,Alert,5971,36,93,93,34,5587,5581,5
2024/01/15 13:00:05 EST,Alert,5959,36,94,94,34,5607,5602,4
2024/01/15 13:00:15 EST,Alert,5944,36,94,94,34,5595,5590,4
2024/01/15 13:00:26 EST,Alert,5977,36,93,93,34,5587,5581,5
2024/01/15 13:00:36 EST,Alert,5967,36,93,93,34,5590,5586,4
2024/01/15 13:00:46 EST,Alert,5920,36,94,94,34,5578,5575,3
2024/01/15 13:00:56 EST,Alert,5957,36,93,93,33,5555,5552,3
2024/01/15 13:01:07 EST,Alert,5953,36,93,93,34,5593,5590,3
2024/01/15 13:01:17 EST,Alert,5989,36,92,92,33,5546,5542,4
2024/01/15 13:01:27 EST,Alert,5968,36,93,93,33,5568,5564,4
2024/01/15 13:01:38 EST,Alert,5954,36,93,93,33,5548,5544,4
2024/01/15 13:01:48 EST,Alert,5972,36,93,93,34,5593,5588,4
2024/01/15 13:01:58 EST,Alert,5970,36,93,93,34,5577,5573,4
2024/01/15 13:02:08 EST,Alert,5981,36,93,93,34,5596,5591,4
2024/01/15 13:02:19 EST,Alert,6004,36,92,92,34,5572,5569,5
2024/01/15 13:02:29 EST,Alert,5975,36,93,93,34,5594,5590,5
2024/01/15 13:02:39 EST,Alert,5968,36,93,94,34,5610,5606,5
2024/01/15 13:02:49 EST,Alert,5980,36,93,93,34,5578,5575,5
2024/01/15 13:03:00 EST,Alert,5983,36,93,93,34,5578,5575,4
2024/01/15 13:03:10 EST,Alert,5966,36,94,94,34,5614,5610,4
2024/01/15 13:03:20 EST,Alert,5959,36,94,94,34,5613,5607,5
2024/01/15 13:03:31 EST,Alert,5978,36,93,93,34,5611,5605,5
2024/01/15 13:03:41 EST,Alert,6003,36,93,93,34,5608,5602,5
2024/01/15 13:03:51 EST,Alert,6015,36,93,93,34,5626,5621,5
2024/01/15 13:04:01 EST,Alert,6032,36,92,92,34,5589,5584,5
2024/01/15 13:04:12 EST,Alert,6013,36,93,93,34,5626,5620,5
2024/01/15 13:04:22 EST,Alert,6011,36,93,93,34,5627,5624,4
2024/01/15 13:04:32 EST,Alert,6013,36,93,94,34,5655,5651,5
2024/01/15 13:04:43 EST,Alert,6024,36,93,93,34,5622,5618,5
2024/01/15 13:04:53 EST,Alert,6028,36,92,92,34,5603,5599,5
2024/01/15 13:05:03 EST,Alert,6026,36,93,93,34,5625,5621,5
2024/01/15 13:05:13 EST,Alert,6032,36,93,93,34,5619,5615,5
2024/01/15 13:05:24 EST,Alert,6033,36,93,93,34,5617,5613,4
2024/01/15 13:05:34 EST,Alert,6007,36,93,93,34,5618,5614,4
2024/01/15 13:05:44 EST,Alert,6025,36,93,93,34,5618,5615,4
2024/01/15 13:05:55 EST,Alert,6026,36,93,93,34,5619,5615,4
2024/01/15 13:06:05 EST,Alert,6025,36,93,93,34,5624,5620,4
2024/01/15 13:06:15 EST,Alert,6018,36,93,94,34,5657,5653,4
2024/01/15 13:06:25 EST,Alert,5948,36,89,89,32,5347,5343,4
2024/01/15 13:06:36 EST,Alert,5520,33,86,86,29,4801,4797,4
2024/01/15 13:06:46 EST,Alert,5013,30,86,86,26,4331,4326,5
2024/01/15 13:06:56 EST,Alert,4562,27,84,84,23,3854,3849,5
2024/01/15 13:07:06 EST,Warning,4039,24,82,83,20,3354,3349,5
2024/01/15 13:07:16 EST,Warning,3579,21,79,79,17,2859,2855,4
2024/01/15 13:07:27 EST,Warning,3194,19,85,85,16,2725,2721,5
2024/01/15 13:07:37 EST,Warning,3148,19,87,87,16,2760,2755,5
2024/01/15 13:07:47 EST,Warning,3132,19,88,88,16,2764,2761,4
2024/01/15 13:07:57 EST,Warning,3141,19,87,87,16,2757,2753,4
2024/01/15 13:08:07 EST,Warning,3152,19,87,88,16,2775,2772,4
2024/01/15 13:08:17 EST,Warning,3077,18,90,90,17,2799,2795,5
2024/01/15 13:08:28 EST,Warning,3132,19,88,88,16,2775,2769,5
2024/01/15 13:08:38 EST,Warning,3150,19,87,88,16,2773,2768,5
2024/01/15 13:08:48 EST,Warning,3138,19,88,88,16,2778,2774,5
2024/01/15 13:08:58 EST,Warning,3140,19,88,88,16,2776,2770,5
2024/01/15 13:09:08 EST,Warning,3126,19,88,88,16,2777,2771,5
2024/01/15 13:09:18 EST,Warning,3136,19,86,87,16,2732,2727,5
2024/01/15 13:09:29 EST,Warning,3126,19,87,87,16,2740,2737,3
2024/01/15 13:09:39 EST,Warning,3128,19,88,88,16,2764,2761,3
2024/01/15 13:09:49 EST,Warning,3123,19,88,88,16,2763,2760,4
2024/01/15 13:09:59 EST,Warning,3131,19,87,87,16,2744,2741,4
2024/01/15 13:10:09 EST,Warning,3139,19,87,87,16,2740,2737,4
2024/01/15 13:10:19 EST,Warning,3123,19,87,87,16,2742,2738,4
2024/01/15 13:10:29 EST,Warning,3138,19,87,87,16,2753,2749,4
2024/01/15 13:10:40 EST,Warning,3150,19,86,87,16,2742,2738,4
2024/01/15 13:10:50 EST,Warning,3129,19,87,87,16,2751,2747,4
2024/01/15 13:11:00 EST,Warning,3119,19,89,89,16,2785,2781,5
2024/01/15 13:11:10 EST,Warning,3146,19,88,88,16,2772,2769,5
2024/01/15 13:11:20 EST,Warning,3125,19,88,88,16,2760,2756,5
2024/01/15 13:11:30 EST,Warning,3127,19,88,88,16,2777,2773,5
2024/01/15 13:11:41 EST,Warning,3128,19,88,88,16,2758,2755,5
2024/01/15 13:11:51 EST,Warning,3143,19,87,87,16,2749,2745,5
2024/01/15 13:12:01 EST,Warning,3125,19,87,87,16,2738,2735,3
2024/01/15 13:12:11 EST,Warning,3122,19,88,88,16,2757,2754,3
2024/01/15 13:12:21 EST,Warning,3128,19,88,88,16,2772,2768,4
2024/01/15 13:12:32 EST,Warning,3141,19,87,87,16,2746,2743,4
2024/01/15 13:12:42 EST,Warning,3139,19,87,88,16,2765,2761,4
2024/01/15 13:12:52 EST,Warning,3134,19,88,88,16,2769,2766,3
2024/01/15 13:13:02 EST,Warning,3131,19,88,89,17,2787,2783,4
2024/01/15 13:13:12 EST,Warning,3142,19,87,87,16,2761,2757,4
2024/01/15 13:13:22 EST,Warning,3130,19,88,88,16,2784,2778,5
2024/01/15 13:13:33 EST,Warning,3152,19,87,87,16,2755,2751,3
2024/01/15 13:13:43 EST,Warning,3135,19,87,87,16,2756,2750,5
2024/01/15 13:13:53 EST,Warning,3137,19,87,87,16,2752,2746,5
2024/01/15 13:14:03 EST,Warning,3143,19,87,87,16,2759,2753,5
2024/01/15 13:14:13 EST,Warning,3133,19,88,88,16,2775,2769,5
2024/01/15 13:14:23 EST,Warning,3137,19,88,88,17,2791,2787,4
2024/01/15 13:14:34 EST,Warning,3135,19,87,87,16,2748,2745,3
2024/01/15 13:14:44 EST,Warning,3130,19,88,88,16,2759,2756,4
2024/01/15 13:14:54 EST,Warning,3137,19,88,88,16,2765,2761,4
2024/01/15 13:15:04 EST,Warning,3132,19,89,89,17,2801,2800,3
2024/01/15 13:15:14 EST,Warning,3156,19,87,87,16,2760,2756,4
2024/01/15 13:15:24 EST,Warning,3134,19,88,88,16,2762,2758,4
2024/01/15 13:15:35 EST,Warning,3148,19,87,87,16,2760,2757,4
2024/01/15 13:15:45 EST,Warning,3133,19,88,88,16,2771,2767,4
2024/01/15 13:15:55 EST,Warning,3132,19,88,88,16,2766,2762,4
2024/01/15 13:16:05 EST,Warning,3102,18,88,88,16,2755,2752,3
2024/01/15 13:16:15 EST,Warning,3126,19,87,87,16,2749,2746,3
2024/01/15 13:16:25 EST,Warning,3122,19,88,88,16,2751,2748,3
2024/01/15 13:16:36 EST,Warning,3111,18,88,88,16,2744,2741,4
2024/01/15 13:16:46 EST,Warning,3122,19,88,88,16,2768,2764,5
2024/01/15 13:16:56 EST,Warning,3132,19,87,87,16,2756,2752,5
2024/01/15 13:17:06 EST,Warning,3157,19,87,88,16,2782,2778,5
2024/01/15 13:17:16 EST,Warning,3148,19,88,88,17,2786,2783,4
2024/01/15 13:17:26 EST,Warning,3134,19,88,88,16,2782,2779,4
2024/01/15 13:17:36 EST,Warning,3148,19,87,87,16,2752,2749,4
2024/01/15 13:17:47 EST,Warning,3140,19,88,88,16,2778,2775,3
2024/01/15 13:17:57 EST,Warning,3142,19,87,87,16,2757,2753,4
2024/01/15 13:18:07 EST,Warning,3135,19,87,88,16,2759,2755,5
2024/01/15 13:18:17 EST,Warning,3076,18,90,90,17,2799,2795,5
2024/01/15 13:18:27 EST,Warning,3123,19,89,89,17,2789,2783,5
2024/01/15 13:18:37 EST,Warning,3145,19,86,87,16,2742,2736,4
2024/01/15 13:18:48 EST,Warning,3133,19,88,88,16,2770,2765,4
2024/01/15 13:18:58 EST,Warning,3121,19,89,89,17,2799,2792,6
2024/01/15 13:19:08 EST,Warning,3139,19,87,87,16,2756,2750,5
2024/01/15 13:19:18 EST,Warning,3122,19,88,88,16,2776,2770,6
2024/01/15 13:19:28 EST,Warning,3127,19,87,87,16,2750,2745,5
2024/01/15 13:19:38 EST,Warning,3129,19,87,87,16,2733,2729,5
2024/01/15 13:19:49 EST,Warning,3132,19,87,87,16,2747,2744,4
2024/01/15 13:19:59 EST,Warning,3142,19,87,87,16,2744,2740,4
2024/01/15 13:20:09 EST,Warning,3148,19,87,87,16,2764,2760,4
2024/01/15 13:20:19 EST,Warning,3136,19,88,88,16,2776,2772,5
2024/01/15 13:20:29 EST,Warning,2774,16,83,83,14,2327,2324,4
2024/01/15 13:20:39 EST,Warning,2276,13,82,82,11,1874,1870,4
2024/01/15 13:20:50 EST,Warning,1796,10,76,76,8,1378,1374,4
2024/01/15 13:21:00 EST,Warning,1316,8,68,68,5,898,895,4
2024/01/15 13:21:10 EST,Warning,715,4,65,66,2,473,470,4
2024/01/15 13:21:20 EST,Safe,111,0,36,39,0,44,40,4
2024/01/15 13:21:30 EST,Safe,35,0,22,34,0,12,8,4
2024/01/15 13:21:40 EST,Safe,36,0,25,36,0,13,9,4
2024/01/15 13:21:50 EST,Safe,41,0,24,34,0,14,10,4
2024/01/15 13:22:00 EST,Safe,44,0,22,31,0,14,10,4
2024/01/15 13:22:10 EST,Safe,45,0,24,33,0,15,11,4
2024/01/15 13:22:20 EST,Safe,44,0,22,31,0,14,10,4
2024/01/15 13:22:30 EST,Safe,42,0,23,33,0,14,10,4
2024/01/15 13:22:40 EST,Safe,37,0,24,35,0,13,9,4
2024/01/15 13:22:50 EST,Safe,38,0,21,31,0,12,8,4
2024/01/15 13:23:00 EST,Safe,34,0,20,32,0,11,7,4
2024/01/15 13:23:10 EST,Safe,36,0,19,30,0,11,7,4
2024/01/15 13:23:20 EST,Safe,38,0,21,36,0,14,8,5
2024/01/15 13:23:31 EST,Safe,42,0,21,35,0,15,9,5
2024/01/15 13:23:41 EST,Safe,49,0,20,32,0,16,10,5
2024/01/15 13:23:51 EST,Safe,43,0,23,37,0,16,10,5
2024/01/15 13:24:01 EST,Safe,44,0,25,38,0,17,11,5
2024/01/15 13:24:11 EST,Safe,462,2,92,94,2,435,429,5
2024/01/15 13:24:21 EST,Warning,943,5,96,96,5,911,907,4
2024/01/15 13:24:31 EST,Warning,1418,8,98,98,8,1396,1392,4
2024/01/15 13:24:41 EST,Warning,1900,11,98,98,11,1874,1870,4
2024/01/15 13:24:51 EST,Warning,2380,14,98,99,14,2359,2355,4
2024/01/15 13:25:01 EST,Warning,2865,17,99,99,17,2845,2841,4
2024/01/15 13:25:12 EST,Warning,3352,20,99,99,20,3328,3324,4
2024/01/15 13:25:22 EST,Warning,3835,23,99,99,23,3820,3816,4
2024/01/15 13:25:32 EST,Alert,4321,26,99,99,26,4307,4303,4
2024/01/15 13:25:42 EST,Alert,4806,29,99,99,29,4791,4787,4
2024/01/15 13:25:53 EST,Alert,5290,32,99,99,32,5278,5274,4
2024/01/15 13:26:03 EST,Alert,5774,35,98,98,34,5706,5702,4
2024/01/15 13:26:13 EST,Alert,5962,36,93,93,33,5555,5551,4
2024/01/15 13:26:23 EST,Alert,5961,36,93,93,34,5581,5577,4
2024/01/15 13:26:34 EST,Alert,5950,36,93,93,34,5589,5585,4
2024/01/15 13:26:44 EST,Alert,5959,36,93,93,34,5572,5568,4
2024/01/15 13:26:54 EST,Alert,5967,36,93,93,34,5602,5599,4
2024/01/15 13:27:05 EST,Alert,5934,36,94,94,34,5628,5625,4
2024/01/15 13:27:15 EST,Alert,5963,36,93,93,33,5569,5565,4
2024/01/15 13:27:25 EST,Alert,5966,36,93,93,34,5596,5592,4
2024/01/15 13:27:35 EST,Alert,5981,36,93,93,34,5577,5573,4
2024/01/15 13:27:46 EST,Alert,5991,36,93,93,34,5608,5604,4
2024/01/15 13:27:56 EST,Alert,5999,36,93,93,34,5597,5594,3
2024/01/15 13:28:06 EST,Alert,5994,36,93,93,34,5619,5615,4
2024/01/15 13:28:16 EST,Alert,5922,36,95,95,34,5668,5663,5
2024/01/15 13:28:27 EST,Alert,6017,36,93,93,34,5619,5613,5
2024/01/15 13:28:37 EST,Alert,6028,36,93,93,34,5634,5627,5
2024/01/15 13:28:47 EST,Alert,6015,36,93,94,34,5656,5650,5
2024/01/15 13:28:58 EST,Alert,6019,36,93,93,34,5651,5647,4
2024/01/15 13:29:08 EST,Alert,6028,36,93,93,34,5620,5614,5
2024/01/15 13:29:18 EST,Alert,6042,36,93,93,34,5624,5620,4
2024/01/15 13:29:29 EST,Alert,6039,36,93,93,34,5625,5621,5
2024/01/15 13:29:39 EST,Alert,6038,36,93,93,34,5630,5626,5
2024/01/15 13:29:49 EST,Alert,6019,36,93,93,34,5628,5624,5
2024/01/15 13:29:59 EST,Alert,6033,36,93,93,34,5628,5624,5
2024/01/15 13:30:10 EST,Alert,6006,36,93,93,34,5611,5607,4
2024/01/15 13:30:20 EST,Alert,5994,36,94,94,34,5643,5640,4
2024/01/15 13:30:30 EST,Alert,5994,36,93,93,34,5610,5607,5
2024/01/15 13:30:41 EST,Alert,5994,36,93,93,34,5618,5613,6
2024/01/15 13:30:51 EST,Alert,5991,36,93,93,34,5627,5622,6
2024/01/15 13:31:01 EST,Alert,5997,36,93,93,34,5635,5630,5
2024/01/15 13:31:11 EST,Alert,5984,36,93,93,34,5617,5612,5
2024/01/15 13:31:22 EST,Alert,5994,36,93,93,34,5586,5581,5
2024/01/15 13:31:32 EST,Alert,5972,36,93,93,33,5570,5565,5
2024/01/15 13:31:42 EST,Alert,5941,36,93,93,34,5576,5573,3
2024/01/15 13:31:53 EST,Alert,5966,36,93,93,33,5555,5552,4
2024/01/15 13:32:03 EST,Alert,5944,36,93,93,33,5554,5550,4
2024/01/15 13:32:13 EST,Alert,5952,36,92,92,33,5514,5511,4
2024/01/15 13:32:23 EST,Alert,5948,36,93,93,33,5555,5551,4
2024/01/15 13:32:34 EST,Alert,5949,36,92,92,33,5530,5526,4
2024/01/15 13:32:44 EST,Alert,5963,36,92,92,33,5536,5532,4
2024/01/15 13:32:54 EST,Alert,5957,36,92,92,33,5537,5533,4
2024/01/15 13:33:05 EST,Alert,5924,36,93,93,33,5557,5553,4
2024/01/15 13:33:15 EST,Alert,5825,35,96,96,34,5640,5636,5
2024/01/15 13:33:25 EST,Alert,5955,36,92,92,33,5536,5530,5
2024/01/15 13:33:35 EST,Alert,5958,36,93,93,33,5554,5548,5
2024/01/15 13:33:46 EST,Alert,5970,36,93,93,34,5583,5578,5
2024/01/15 13:33:56 EST,Alert,5988,36,93,93,34,5582,5576,5
2024/01/15 13:34:06 EST,Alert,5971,36,93,93,34,5594,5588,5
2024/01/15 13:34:17 EST,Alert,5977,36,93,93,34,5588,5583,5
2024/01/15 13:34:27 EST,Alert,5966,36,93,94,34,5610,5606,4
2024/01/15 13:34:37 EST,Alert,5981,36,93,93,34,5579,5575,4
2024/01/15 13:34:47 EST,Alert,5971,36,93,93,34,5607,5603,4
2024/01/15 13:34:58 EST,Alert,5990,36,92,92,33,5567,5564,4
2024/01/15 13:35:08 EST,Alert,5980,36,93,93,34,5579,5575,4
2024/01/15 13:35:18 EST,Alert,5982,36,92,92,33,5538,5534,4
2024/01/15 13:35:28 EST,Alert,5978,36,93,93,34,5608,5604,4
2024/01/15 13:35:39 EST,Alert,5971,36,92,92,33,5549,5546,3
2024/01/15 13:35:49 EST,Alert,5956,36,93,94,34,5600,5596,5
2024/01/15 13:35:59 EST,Alert,5965,36,93,93,34,5578,5575,4
2024/01/15 13:36:10 EST,Alert,5943,36,93,93,34,5578,5574,4
2024/01/15 13:36:20 EST,Alert,5959,36,93,93,34,5577,5573,4
2024/01/15 13:36:30 EST,Alert,5968,36,92,92,33,5543,5539,4
2024/01/15 13:36:40 EST,Alert,5957,36,93,93,34,5586,5582,4
2024/01/15 13:36:51 EST,Alert,5983,36,93,93,34,5585,5582,3
2024/01/15 13:37:01 EST,Alert,5979,36,93,93,34,5609,5605,4
2024/01/15 13:37:11 EST,Alert,5975,36,94,94,34,5626,5622,5
2024/01/15 13:37:14 EST,Alert,5888,35,96,96,34,5666,5662,5
2024/01/15 13:37:22 EST,Alert,5998,36,93,93,34,5595,5592,4
2024/01/15 13:37:32 EST,Alert,5904,36,96,96,34,5684,5680,5
2024/01/15 13:37:42 EST,Alert,5995,36,93,93,34,5635,5631,5
2024/01/15 13:37:52 EST,Alert,6015,36,93,93,34,5628,5626,4
2024/01/15 13:38:03 EST,Alert,6014,36,93,93,34,5611,5608,4
2024/01/15 13:38:13 EST,Alert,5828,35,98,99,35,5770,5766,5
2024/01/15 13:38:23 EST,Alert,6022,36,93,93,34,5647,5641,5
2024/01/15 13:38:34 EST,Alert,6086,37,92,92,34,5623,5618,5
2024/01/15 13:38:44 EST,Alert,6050,36,92,93,34,5630,5623,5
2024/01/15 13:38:54 EST,Alert,6042,36,93,93,34,5667,5661,5
2024/01/15 13:39:04 EST,Alert,6058,36,92,92,34,5630,5624,5
2024/01/15 13:39:15 EST,Alert,6053,36,93,93,34,5649,5645,4
2024/01/15 13:39:25 EST,Alert,6045,36,92,93,34,5624,5620,4
2024/01/15 13:39:35 EST,Alert,6018,36,93,93,34,5608,5604,4
2024/01/15 13:39:46 EST,Alert,6030,36,92,93,34,5610,5606,4
2024/01/15 13:39:56 EST,Alert,6020,36,93,93,34,5649,5646,3
2024/01/15 13:40:06 EST,Alert,5966,36,90,90,32,5376,5372,5
2024/01/15 13:40:16 EST,Alert,5540,33,87,87,29,4871,4869,3
2024/01/15 13:40:27 EST,Alert,5044,30,85,85,26,4318,4315,4
2024/01/15 13:40:37 EST,Alert,4584,27,84,84,23,3869,3865,5
2024/01/15 13:40:47 EST,Warning,4062,24,82,82,20,3366,3362,5
2024/01/15 13:40:57 EST,Warning,3576,21,81,81,17,2904,2900,5
2024/01/15 13:41:07 EST,Warning,3169,19,86,86,16,2747,2745,4
2024/01/15 13:41:17 EST,Warning,3104,18,88,88,16,2753,2749,5
2024/01/15 13:41:28 EST,Warning,3113,19,87,87,16,2716,2712,4
2024/01/15 13:41:38 EST,Warning,3094,18,88,88,16,2740,2736,4
2024/01/15 13:41:48 EST,Warning,3096,18,88,88,16,2749,2746,3
2024/01/15 13:41:58 EST,Warning,3119,19,87,87,16,2734,2730,4
2024/01/15 13:42:08 EST,Warning,3108,18,87,87,16,2735,2731,4
2024/01/15 13:42:18 EST,Warning,3101,18,88,88,16,2753,2750,3
2024/01/15 13:42:29 EST,Warning,3107,18,88,88,16,2746,2743,4
2024/01/15 13:42:39 EST,Warning,3107,18,88,88,16,2752,2747,5
2024/01/15 13:42:49 EST,Warning,3043,18,90,90,16,2768,2763,5
2024/01/15 13:42:59 EST,Warning,3112,18,87,87,16,2722,2717,5
2024/01/15 13:43:09 EST,Warning,3120,19,87,87,16,2734,2729,5
2024/01/15 13:43:19 EST,Warning,3085,18,89,89,16,2758,2751,6
2024/01/15 13:43:30 EST,Warning,3133,19,86,86,16,2720,2714,5
2024/01/15 13:43:40 EST,Warning,3121,19,88,88,16,2756,2751,4
2024/01/15 13:43:50 EST,Warning,3116,19,87,87,16,2735,2729,5
2024/01/15 13:44:00 EST,Warning,3113,19,88,88,16,2748,2743,5
2024/01/15 13:44:10 EST,Warning,3123,19,87,87,16,2731,2725,5
2024/01/15 13:44:20 EST,Warning,3091,18,88,88,16,2739,2735,4
2024/01/15 13:44:31 EST,Warning,3101,18,87,88,16,2729,2725,4
2024/01/15 13:44:41 EST,Warning,3091,18,88,88,16,2729,2725,4
2024/01/15 13:44:51 EST,Warning,3095,18,88,89,16,2755,2752,3
2024/01/15 13:45:01 EST,Warning,3099,18,88,88,16,2732,2728,4
2024/01/15 13:45:11 EST,Warning,3104,18,87,87,16,2721,2718,3
2024/01/15 13:45:21 EST,Warning,3105,18,88,88,16,2740,2736,4
2024/01/15 13:45:32 EST,Warning,3101,18,88,88,16,2752,2748,4
2024/01/15 13:45:42 EST,Warning,3107,18,87,87,16,2734,2731,4
2024/01/15 13:45:52 EST,Warning,3094,18,88,88,16,2750,2746,4
2024/01/15 13:46:02 EST,Warning,3085,18,89,89,16,2756,2753,4
2024/01/15 13:46:12 EST,Warning,3098,18,88,88,16,2735,2732,4
2024/01/15 13:46:22 EST,Warning,3091,18,88,88,16,2744,2742,3
2024/01/15 13:46:32 EST,Warning,3092,18,88,88,16,2746,2742,4
2024/01/15 13:46:43 EST,Warning,3112,18,88,88,16,2743,2739,4
2024/01/15 13:46:53 EST,Warning,3096,18,88,88,16,2743,2738,5
2024/01/15 13:47:03 EST,Warning,3104,18,88,89,16,2763,2758,5
2024/01/15 13:47:13 EST,Warning,3128,19,88,88,16,2770,2766,4
2024/01/15 13:47:23 EST,Warning,3115,19,87,87,16,2732,2727,5
2024/01/15 13:47:33 EST,Warning,3104,18,87,87,16,2719,2714,5
2024/01/15 13:47:44 EST,Warning,3085,18,88,88,16,2742,2737,5
2024/01/15 13:47:54 EST,Warning,3095,18,88,88,16,2749,2745,4
2024/01/15 13:48:04 EST,Warning,3013,18,91,91,16,2753,2749,4
2024/01/15 13:48:14 EST,Warning,2942,17,95,95,17,2820,2815,5
2024/01/15 13:48:24 EST,Warning,3099,18,87,87,16,2726,2720,4
2024/01/15 13:48:34 EST,Warning,3117,19,87,87,16,2722,2715,5
2024/01/15 13:48:45 EST,Warning,3117,19,88,88,16,2753,2746,5
2024/01/15 13:48:55 EST,Warning,3099,18,88,88,16,2755,2748,5
2024/01/15 13:49:05 EST,Warning,3124,19,88,88,16,2766,2760,5
2024/01/15 13:49:15 EST,Warning,3112,18,87,87,16,2735,2729,5
2024/01/15 13:49:25 EST,Warning,3100,18,88,88,16,2749,2745,4
2024/01/15 13:49:35 EST,Warning,3110,18,86,87,16,2706,2703,4
2024/01/15 13:49:46 EST,Warning,3112,18,88,88,16,2752,2748,4
2024/01/15 13:49:56 EST,Warning,3143,19,86,86,16,2723,2719,4
2024/01/15 13:50:06 EST,Warning,3113,19,88,88,16,2760,2756,4
2024/01/15 13:50:16 EST,Warning,3106,18,88,88,16,2741,2737,5
2024/01/15 13:50:26 EST,Warning,3111,18,88,88,16,2742,2738,5
2024/01/15 13:50:36 EST,Warning,3106,18,88,88,16,2763,2759,4
2024/01/15 13:50:47 EST,Warning,3109,18,88,88,16,2747,2745,3
2024/01/15 13:50:57 EST,Warning,3123,19,88,88,16,2752,2749,4
2024/01/15 13:51:07 EST,Warning,3124,19,87,87,16,2736,2732,4
2024/01/15 13:51:17 EST,Warning,3121,19,88,88,16,2759,2755,4
2024/01/15 13:51:27 EST,Warning,3117,19,88,88,16,2764,2760,4
2024/01/15 13:51:37 EST,Warning,3146,19,87,87,16,2766,2762,4
2024/01/15 13:51:48 EST,Warning,3129,19,88,88,16,2783,2779,4
2024/01/15 13:51:58 EST,Warning,3147,19,88,88,16,2783,2780,3
2024/01/15 13:52:08 EST,Warning,3132,19,88,88,16,2781,2777,4
2024/01/15 13:52:18 EST,Warning,3123,19,88,88,16,2767,2763,4
2024/01/15 13:52:28 EST,Warning,3117,19,89,89,17,2791,2787,5
2024/01/15 13:52:38 EST,Warning,3145,19,87,87,16,2746,2743,5
2024/01/15 13:52:49 EST,Warning,3127,19,88,88,16,2769,2765,5
2024/01/15 13:52:59 EST,Warning,3116,19,88,88,16,2754,2750,5
2024/01/15 13:53:09 EST,Warning,3094,18,89,89,16,2758,2755,4
2024/01/15 13:53:19 EST,Warning,3036,18,92,92,17,2807,2801,5
2024/01/15 13:53:29 EST,Warning,3124,19,87,88,16,2755,2749,5
2024/01/15 13:53:39 EST,Warning,3127,19,88,88,16,2766,2761,5
2024/01/15 13:53:49 EST,Warning,3118,19,88,89,16,2779,2773,5
2024/01/15 13:54:00 EST,Warning,3142,19,87,88,16,2765,2759,5
2024/01/15 13:54:10 EST,Warning,3126,19,88,88,16,2767,2761,5
2024/01/15 13:54:20 EST,Warning,3099,18,90,90,17,2794,2791,3
2024/01/15 13:54:30 EST,Warning,3126,19,88,88,16,2761,2757,4
2024/01/15 13:54:40 EST,Warning,3116,19,87,87,16,2734,2729,5
2024/01/15 13:54:50 EST,Warning,3121,19,88,88,16,2753,2749,4
2024/01/15 13:55:01 EST,Warning,3127,19,87,87,16,2751,2746,5
2024/01/15 13:55:11 EST,Warning,3335,20,98,98,20,3301,3296,5
2024/01/15 13:55:21 EST,Warning,3817,23,99,99,23,3805,3800,5
2024/01/15 13:55:31 EST,Alert,4312,26,99,99,26,4299,4294,5
2024/01/15 13:55:42 EST,Alert,4807,29,99,99,29,4792,4788,4
2024/01/15 13:55:52 EST,Alert,5301,32,99,99,32,5292,5288,4
2024/01/15 13:56:02 EST,Alert,5804,35,99,99,35,5792,5788,4
2024/01/15 13:56:12 EST,Alert,6038,36,93,93,34,5644,5641,4
2024/01/15 13:56:23 EST,Alert,6024,36,93,93,34,5616,5612,4
2024/01/15 13:56:33 EST,Alert,6039,36,93,93,34,5632,5627,4
2024/01/15 13:56:43 EST,Alert,6028,36,93,93,34,5654,5650,4
2024/01/15 13:56:53 EST,Alert,6037,36,93,93,34,5663,5658,4
2024/01/15 13:57:04 EST,Alert,6036,36,93,93,34,5649,5645,4
2024/01/15 13:57:14 EST,Alert,6045,36,93,93,34,5646,5642,4
2024/01/15 13:57:24 EST,Alert,6033,36,93,93,34,5650,5646,4
2024/01/15 13:57:35 EST,Alert,6032,36,93,93,34,5627,5624,4
2024/01/15 13:57:45 EST,Alert,6016,36,93,93,34,5635,5631,4
2024/01/15 13:57:55 EST,Alert,5989,36,94,94,34,5637,5634,3
2024/01/15 13:58:05 EST,Alert,6002,36,93,93,34,5625,5621,4
2024/01/15 13:58:16 EST,Alert,5902,36,96,96,34,5684,5679,5
2024/01/15 13:58:26 EST,Alert,6004,36,93,93,34,5620,5615,4
2024/01/15 13:58:36 EST,Alert,5948,36,94,94,34,5646,5641,4
2024/01/15 13:58:47 EST,Alert,6002,36,92,93,34,5582,5576,5
2024/01/15 13:58:57 EST,Alert,5984,36,93,93,34,5599,5593,5
2024/01/15 13:59:07 EST,Alert,5949,36,94,94,34,5606,5600,4
2024/01/15 13:59:17 EST,Alert,5970,36,93,93,33,5566,5562,4
2024/01/15 13:59:28 EST,Alert,5967,36,93,93,34,5595,5591,4
2024/01/15 13:59:38 EST,Alert,5938,36,94,94,34,5634,5630,4
2024/01/15 13:59:48 EST,Alert,5987,36,93,93,34,5581,5577,4
2024/01/15 13:59:59 EST,Alert,5973,36,93,93,34,5610,5606,4
2024/01/15 14:00:09 EST,Alert,5973,36,93,94,34,5617,5613,4
2024/01/15 14:00:19 EST,Alert,5976,36,93,93,34,5583,5580,4
2024/01/15 14:00:29 EST,Alert,5984,36,93,93,34,5624,5620,4
2024/01/15 14:00:40 EST,Alert,5991,36,93,93,34,5584,5580,4
2024/01/15 14:00:50 EST,Alert,5996,36,93,93,34,5613,5609,4
2024/01/15 14:01:00 EST,Alert,6006,36,93,93,34,5605,5601,4
2024/01/15 14:01:11 EST,Alert,5973,36,93,93,34,5599,5595,4
2024/01/15 14:01:21 EST,Alert,5988,36,93,93,34,5588,5585,4
2024/01/15 14:01:31 EST,Alert,5974,36,93,93,34,5584,5581,3
2024/01/15 14:01:41 EST,Alert,5988,36,93,93,34,5581,5578,3
2024/01/15 14:01:52 EST,Alert,5968,36,94,94,34,5618,5614,4
2024/01/15 14:02:02 EST,Alert,5987,36,93,93,34,5593,5589,4
2024/01/15 14:02:12 EST,Alert,5984,36,93,93,34,5592,5588,4
2024/01/15 14:02:22 EST,Alert,5982,36,93,93,34,5607,5604,3
2024/01/15 14:02:33 EST,Alert,5997,36,93,93,34,5613,5610,3
2024/01/15 14:02:43 EST,Alert,5958,36,94,94,34,5632,5628,4
2024/01/15 14:02:53 EST,Alert,5991,36,93,93,34,5611,5608,4
2024/01/15 14:03:04 EST,Alert,5999,36,93,93,34,5601,5597,4
2024/01/15 14:03:14 EST,Alert,5856,35,97,97,34,5687,5683,5
2024/01/15 14:03:24 EST,Alert,5979,36,93,94,34,5624,5615,5
2024/01/15 14:03:34 EST,Alert,5988,36,93,93,34,5600,5591,5
2024/01/15 14:03:45 EST,Alert,5984,36,93,93,34,5597,5589,4
2024/01/15 14:03:55 EST,Alert,5963,36,94,94,34,5627,5619,5
2024/01/15 14:04:05 EST,Alert,5985,36,93,93,34,5623,5614,5
2024/01/15 14:04:16 EST,Alert,5995,36,93,93,34,5586,5578,4
2024/01/15 14:04:26 EST,Alert,5995,36,93,93,34,5618,5613,5
2024/01/15 14:04:36 EST,Alert,5996,36,93,93,34,5605,5600,5
2024/01/15 14:04:46 EST,Alert,6008,36,93,93,34,5602,5597,5
2024/01/15 14:04:57 EST,Alert,5989,36,93,93,34,5628,5624,4
2024/01/15 14:05:07 EST,Alert,6013,36,93,93,34,5626,5620,5
2024/01/15 14:05:17 EST,Alert,6005,36,93,93,34,5612,5606,5
2024/01/15 14:05:28 EST,Alert,6007,36,93,93,34,5620,5613,5
2024/01/15 14:05:38 EST,Alert,6017,36,93,93,34,5604,5599,5
2024/01/15 14:05:48 EST,Alert,6031,36,92,93,34,5614,5607,5
2024/01/15 14:05:58 EST,Alert,6021,36,93,93,34,5633,5626,5
2024/01/15 14:06:09 EST,Alert,6016,36,93,93,34,5616,5611,5
2024/01/15 14:06:19 EST,Alert,6026,36,93,93,34,5626,5622,4
2024/01/15 14:06:29 EST,Alert,6012,36,93,93,34,5631,5628,4
2024/01/15 14:06:40 EST,Alert,6002,36,93,93,34,5634,5630,4
2024/01/15 14:06:50 EST,Alert,6000,36,93,93,34,5596,5592,4
2024/01/15 14:07:00 EST,Alert,5965,36,94,94,34,5626,5621,5
2024/01/15 14:07:10 EST,Alert,5972,36,93,93,34,5601,5597,4
2024/01/15 14:07:21 EST,Alert,5998,36,93,93,34,5590,5586,5
2024/01/15 14:07:31 EST,Alert,5965,36,93,93,34,5584,5579,5
2024/01/15 14:07:41 EST,Alert,5975,36,93,93,33,5569,5566,4
2024/01/15 14:07:51 EST,Alert,5987,36,92,92,33,5565,5563,4
2024/01/15 14:08:02 EST,Alert,5974,36,92,92,33,5548,5544,4
2024/01/15 14:08:12 EST,Alert,5761,35,99,99,34,5709,5705,4
2024/01/15 14:08:22 EST,Alert,5959,36,93,93,33,5555,5549,5
2024/01/15 14:08:33 EST,Alert,5971,36,93,93,34,5571,5566,5
2024/01/15 14:08:43 EST,Alert,5973,36,92,92,33,5541,5536,5
2024/01/15 14:08:53 EST,Alert,5966,36,93,93,34,5600,5595,4
2024/01/15 14:09:03 EST,Alert,5806,35,98,98,34,5704,5697,5
2024/01/15 14:09:14 EST,Alert,5974,36,93,93,34,5592,5586,5
2024/01/15 14:09:24 EST,Alert,5981,36,93,93,34,5588,5584,4
2024/01/15 14:09:34 EST,Alert,5998,36,92,92,33,5561,5557,4
2024/01/15 14:09:45 EST,Alert,5974,36,93,93,34,5581,5578,3
2024/01/15 14:09:55 EST,Alert,5978,36,93,93,34,5604,5600,4
2024/01/15 14:10:05 EST,Alert,5940,36,91,91,33,5433,5431,2
2024/01/15 14:10:15 EST,Alert,5573,34,87,87,29,4859,4855,4
2024/01/15 14:10:26 EST,Alert,5085,31,85,85,26,4364,4361,5
2024/01/15 14:10:36 EST,Alert,4586,27,84,84,23,3881,3878,3
2024/01/15 14:10:46 EST,Warning,4120,25,82,82,20,3388,3385,4
2024/01/15 14:10:56 EST,Warning,3602,21,80,80,17,2902,2899,5
2024/01/15 14:11:06 EST,Warning,3167,19,84,84,16,2686,2682,5
2024/01/15 14:11:17 EST,Warning,3097,18,87,87,16,2725,2722,4
2024/01/15 14:11:27 EST,Warning,3107,18,87,87,16,2720,2718,4
2024/01/15 14:11:37 EST,Warning,3104,18,88,88,16,2742,2739,4
2024/01/15 14:11:47 EST,Warning,3116,19,87,87,16,2728,2724,5
2024/01/15 14:11:57 EST,Warning,3123,19,87,87,16,2745,2741,4
2024/01/15 14:12:07 EST,Warning,3135,19,87,87,16,2757,2753,4
2024/01/15 14:12:17 EST,Warning,3137,19,88,88,16,2768,2765,4
2024/01/15 14:12:28 EST,Warning,3118,19,88,88,16,2760,2758,2
2024/01/15 14:12:38 EST,Warning,3125,19,87,88,16,2752,2748,4
2024/01/15 14:12:48 EST,Warning,3125,19,87,88,16,2753,2749,4
2024/01/15 14:12:58 EST,Warning,3146,19,87,87,16,2768,2764,4
2024/01/15 14:13:08 EST,Warning,3108,18,89,89,17,2794,2791,4
2024/01/15 14:13:18 EST,Warning,3107,18,89,89,16,2778,2772,5
2024/01/15 14:13:29 EST,Warning,3154,19,87,87,16,2757,2751,5
2024/01/15 14:13:39 EST,Warning,3147,19,88,88,16,2785,2781,5
2024/01/15 14:13:49 EST,Warning,3151,19,87,87,16,2770,2768,3
2024/01/15 14:13:59 EST,Warning,3128,19,88,88,16,2771,2765,5
2024/01/15 14:14:09 EST,Warning,3135,19,87,87,16,2755,2749,5
2024/01/15 14:14:19 EST,Warning,2986,18,95,95,17,2841,2837,4
2024/01/15 14:14:30 EST,Warning,3135,19,87,87,16,2756,2752,4
2024/01/15 14:14:40 EST,Warning,3159,19,87,87,16,2755,2752,4
2024/01/15 14:14:50 EST,Warning,3135,19,87,87,16,2753,2750,4
2024/01/15 14:15:00 EST,Warning,3135,19,88,89,17,2793,2789,4
2024/01/15 14:15:10 EST,Warning,3129,19,88,88,16,2772,2768,4
2024/01/15 14:15:20 EST,Warning,3122,19,88,88,16,2755,2751,4
2024/01/15 14:15:31 EST,Warning,3108,18,89,89,16,2771,2768,4
2024/01/15 14:15:41 EST,Warning,3124,19,87,88,16,2750,2746,4
2024/01/15 14:15:51 EST,Warning,3117,19,87,87,16,2741,2737,4
2024/01/15 14:16:01 EST,Warning,3125,19,87,87,16,2745,2742,4
2024/01/15 14:16:11 EST,Warning,3118,19,88,88,16,2753,2749,4
2024/01/15 14:16:21 EST,Warning,3141,19,87,87,16,2750,2747,3
2024/01/15 14:16:32 EST,Warning,3134,19,87,87,16,2745,2741,5
2024/01/15 14:16:42 EST,Warning,3113,19,89,89,16,2780,2776,5
2024/01/15 14:16:52 EST,Warning,3130,19,88,88,16,2762,2758,4
2024/01/15 14:17:02 EST,Warning,3136,19,88,88,16,2772,2767,5
2024/01/15 14:17:12 EST,Warning,3126,19,88,89,16,2784,2782,4
2024/01/15 14:17:22 EST,Warning,3149,19,87,87,16,2755,2751,4
2024/01/15 14:17:32 EST,Warning,3151,19,87,87,16,2757,2753,4
2024/01/15 14:17:43 EST,Warning,3151,19,87,87,16,2769,2766,5
2024/01/15 14:17:53 EST,Warning,3152,19,86,87,16,2744,2740,4
2024/01/15 14:18:03 EST,Warning,3132,19,87,88,16,2759,2755,4
2024/01/15 14:18:13 EST,Warning,2977,18,95,96,17,2861,2857,4
2024/01/15 14:18:23 EST,Warning,3148,19,87,87,16,2756,2751,4
2024/01/15 14:18:33 EST,Warning,3139,19,87,88,16,2768,2762,5
2024/01/15 14:18:44 EST,Warning,3125,19,87,88,16,2756,2749,6
2024/01/15 14:18:54 EST,Warning,3102,18,88,88,16,2746,2739,6
2024/01/15 14:19:04 EST,Warning,3113,19,88,88,16,2755,2748,6
2024/01/15 14:19:14 EST,Warning,3120,19,87,87,16,2743,2736,6
2024/01/15 14:19:24 EST,Warning,3107,18,88,88,16,2756,2751,5
2024/01/15 14:19:34 EST,Warning,2937,17,96,96,17,2846,2842,5
2024/01/15 14:19:45 EST,Warning,3113,19,88,88,16,2765,2762,3
2024/01/15 14:19:55 EST,Warning,3131,19,87,87,16,2744,2740,4
2024/01/15 14:20:05 EST,Warning,3099,18,89,89,16,2766,2762,4
2024/01/15 14:20:15 EST,Warning,3111,18,87,87,16,2733,2729,4
2024/01/15 14:20:25 EST,Warning,3128,19,87,87,16,2727,2723,4
2024/01/15 14:20:35 EST,Warning,3096,18,88,88,16,2746,2742,4
2024/01/15 14:20:46 EST,Warning,3086,18,89,89,16,2753,2749,4
2024/01/15 14:20:56 EST,Warning,3127,19,87,87,16,2732,2729,4
2024/01/15 14:21:06 EST,Warning,3101,18,88,88,16,2740,2736,4
2024/01/15 14:21:16 EST,Warning,3105,18,87,88,16,2736,2732,4
2024/01/15 14:21:26 EST,Warning,3096,18,89,89,16,2765,2761,4
2024/01/15 14:21:36 EST,Warning,3114,19,88,88,16,2754,2750,4
2024/01/15 14:21:47 EST,Warning,3107,18,88,88,16,2740,2738,4
2024/01/15 14:21:57 EST,Warning,3113,19,87,87,16,2726,2723,3
2024/01/15 14:22:07 EST,Warning,3122,19,87,87,16,2743,2739,4
2024/01/15 14:22:17 EST,Warning,3119,19,87,87,16,2741,2738,4
2024/01/15 14:22:27 EST,Warning,3129,19,86,86,16,2717,2713,4
2024/01/15 14:22:37 EST,Warning,3103,18,87,88,16,2734,2728,4
2024/01/15 14:22:48 EST,Warning,3091,18,88,89,16,2751,2747,4
2024/01/15 14:22:58 EST,Warning,3102,18,88,88,16,2740,2736,4
2024/01/15 14:23:08 EST,Warning,3107,18,87,88,16,2735,2731,4
2024/01/15 14:23:18 EST,Warning,3060,18,89,89,16,2747,2742,5
2024/01/15 14:23:28 EST,Warning,3092,18,88,88,16,2729,2723,5
2024/01/15 14:23:38 EST,Warning,3097,18,87,87,16,2716,2712,4
2024/01/15 14:23:48 EST,Warning,3082,18,88,88,16,2726,2720,5
2024/01/15 14:23:59 EST,Warning,3087,18,88,88,16,2739,2733,5
2024/01/15 14:24:09 EST,Warning,2828,17,85,85,14,2410,2405,4
2024/01/15 14:24:19 EST,Warning,2351,14,81,82,11,1929,1925,4
2024/01/15 14:24:29 EST,Warning,1862,11,79,79,9,1476,1473,3
2024/01/15 14:24:39 EST,Warning,1388,8,70,70,5,979,976,4
2024/01/15 14:24:49 EST,Warning,653,3,94,94,3,619,615,4
2024/01/15 14:24:59 EST,Safe,214,1,56,58,0,125,121,4
2024/01/15 14:25:09 EST,Safe,31,0,22,35,0,11,7,4
2024/01/15 14:25:19 EST,Safe,28,0,25,35,0,10,7,3
2024/01/15 14:25:29 EST,Safe,30,0,30,43,0,13,9,4
2024/01/15 14:25:40 EST,Safe,32,0,28,40,0,13,9,4
2024/01/15 14:25:50 EST,Safe,32,0,34,46,0,15,11,4
2024/01/15 14:26:00 EST,Safe,34,0,32,44,0,15,11,4
2024/01/15 14:26:10 EST,Safe,34,0,32,44,0,15,11,4
2024/01/15 14:26:20 EST,Safe,35,0,25,37,0,13,9,4
2024/01/15 14:26:30 EST,Safe,36,0,25,33,0,12,9,3
2024/01/15 14:26:40 EST,Safe,39,0,23,33,0,13,9,4
2024/01/15 14:26:50 EST,Safe,36,0,19,30,0,11,7,4
2024/01/15 14:27:00 EST,Safe,37,0,24,35,0,13,9,4
2024/01/15 14:27:10 EST,Safe,39,0,20,30,0,12,8,4
2024/01/15 14:27:20 EST,Safe,39,0,23,33,0,13,9,4
2024/01/15 14:27:30 EST,Safe,40,0,25,35,0,14,10,4
2024/01/15 14:27:40 EST,Safe,39,0,25,33,0,13,10,3
2024/01/15 14:27:50 EST,Safe,365,2,92,93,2,340,336,4
2024/01/15 14:28:00 EST,Warning,849,5,96,97,5,824,820,4
2024/01/15 14:28:11 EST,Warning,1332,8,98,98,7,1310,1306,4
2024/01/15 14:28:21 EST,Warning,1827,11,98,98,10,1801,1795,5
2024/01/15 14:28:31 EST,Warning,2316,14,98,98,13,2291,2285,5
2024/01/15 14:28:41 EST,Warning,2805,17,98,98,16,2776,2770,5
2024/01/15 14:28:51 EST,Warning,3298,20,99,99,19,3271,3266,5
2024/01/15 14:29:01 EST,Warning,3789,23,99,99,22,3765,3759,5
2024/01/15 14:29:12 EST,Alert,4275,26,99,99,25,4247,4241,5
2024/01/15 14:29:22 EST,Alert,4755,29,99,99,28,4737,4733,5
2024/01/15 14:29:32 EST,Alert,5247,32,99,99,31,5234,5230,4
2024/01/15 14:29:42 EST,Alert,5738,35,99,99,34,5725,5721,4
2024/01/15 14:29:53 EST,Alert,6002,36,93,93,34,5632,5629,4
2024/01/15 14:30:03 EST,Alert,6013,36,93,93,34,5648,5646,3
2024/01/15 14:30:13 EST,Alert,6016,36,93,93,34,5637,5634,4
2024/01/15 14:30:23 EST,Alert,6022,36,93,93,34,5632,5628,4
2024/01/15 14:30:34 EST,Alert,6030,36,93,93,34,5618,5614,4
2024/01/15 14:30:44 EST,Alert,6037,36,93,93,34,5639,5634,5
2024/01/15 14:30:54 EST,Alert,6028,36,93,93,34,5646,5641,5
2024/01/15 14:31:05 EST,Alert,6008,36,94,94,34,5663,5658,5
2024/01/15 14:31:15 EST,Alert,6036,36,93,93,34,5650,5645,5
2024/01/15 14:31:25 EST,Alert,6018,36,93,93,34,5632,5627,5
2024/01/15 14:31:35 EST,Alert,6039,36,93,93,34,5645,5640,5
2024/01/15 14:31:46 EST,Alert,6030,36,93,93,34,5659,5656,3
2024/01/15 14:31:56 EST,Alert,6036,36,93,93,34,5641,5637,4
2024/01/15 14:32:06 EST,Alert,6024,36,94,94,34,5670,5666,4
2024/01/15 14:32:17 EST,Alert,6038,36,93,93,34,5630,5626,4
2024/01/15 14:32:27 EST,Alert,6020,36,93,93,34,5649,5646,3
2024/01/15 14:32:37 EST,Alert,6049,36,93,93,34,5637,5633,4
2024/01/15 14:32:47 EST,Alert,6045,36,93,93,34,5651,5647,4
2024/01/15 14:32:58 EST,Alert,6031,36,93,93,34,5653,5650,3
2024/01/15 14:33:08 EST,Alert,6045,36,93,93,34,5631,5628,3
2024/01/15 14:33:18 EST,Alert,6002,36,94,94,34,5692,5686,5
2024/01/15 14:33:29 EST,Alert,6044,36,93,93,34,5652,5647,4
2024/01/15 14:33:39 EST,Alert,6063,37,93,93,34,5650,5644,5
2024/01/15 14:33:49 EST,Alert,6052,36,93,93,34,5647,5643,4
2024/01/15 14:34:00 EST,Alert,6036,36,93,93,34,5669,5663,5
2024/01/15 14:34:06 EST,Alert,6003,36,94,94,34,5677,5672,4
2024/01/15 14:34:10 EST,Alert,5979,36,94,95,34,5683,5678,5
2024/01/15 14:34:20 EST,Alert,6045,36,92,93,34,5624,5621,4
2024/01/15 14:34:30 EST,Alert,6021,36,93,93,34,5643,5640,3
2024/01/15 14:34:41 EST,Alert,6012,36,93,93,34,5634,5630,4
2024/01/15 14:34:51 EST,Alert,6017,36,93,93,34,5627,5624,3
2024/01/15 14:35:01 EST,Alert,6005,36,93,93,34,5641,5637,4
2024/01/15 14:35:12 EST,Alert,6012,36,93,93,34,5623,5620,4
2024/01/15 14:35:22 EST,Alert,5844,35,97,97,34,5699,5695,4
2024/01/15 14:35:32 EST,Alert,5984,36,93,93,34,5597,5593,4
2024/01/15 14:35:42 EST,Alert,5972,36,93,93,34,5580,5576,4
2024/01/15 14:35:53 EST,Alert,5987,36,93,93,34,5575,5570,4
2024/01/15 14:36:03 EST,Alert,5959,36,93,93,34,5589,5583,5
2024/01/15 14:36:13 EST,Alert,5947,36,93,93,33,5563,5557,5
2024/01/15 14:36:23 EST,Alert,5950,36,93,93,33,5540,5534,5
2024/01/15 14:36:34 EST,Alert,5940,36,93,93,33,5551,5546,4
2024/01/15 14:36:44 EST,Alert,5927,36,94,94,34,5584,5578,5
2024/01/15 14:36:54 EST,Alert,5949,36,93,93,33,5560,5556,4
2024/01/15 14:37:05 EST,Alert,5970,36,92,92,33,5538,5535,3
2024/01/15 14:37:15 EST,Alert,5963,36,93,93,33,5563,5559,4
2024/01/15 14:37:25 EST,Alert,5951,36,93,93,34,5586,5582,4
2024/01/15 14:37:36 EST,Alert,5950,36,94,94,34,5617,5613,4
2024/01/15 14:37:46 EST,Alert,5969,36,93,93,34,5600,5597,3
2024/01/15 14:37:56 EST,Alert,5987,36,93,93,34,5592,5589,4
2024/01/15 14:38:06 EST,Alert,5989,36,93,94,34,5631,5627,4
2024/01/15 14:38:17 EST,Alert,5943,36,95,95,34,5655,5651,4
2024/01/15 14:38:27 EST,Alert,6029,36,93,93,34,5644,5637,5
2024/01/15 14:38:37 EST,Alert,6035,36,93,93,34,5631,5623,5
2024/01/15 14:38:48 EST,Alert,6041,36,93,93,34,5641,5634,5
2024/01/15 14:38:58 EST,Alert,6044,36,93,93,34,5646,5641,5
2024/01/15 14:39:08 EST,Alert,6043,36,93,93,34,5637,5630,5
2024/01/15 14:39:18 EST,Alert,6049,36,92,93,34,5627,5621,5
2024/01/15 14:39:29 EST,Alert,6057,36,92,92,34,5625,5622,4
2024/01/15 14:39:39 EST,Alert,6018,36,94,94,34,5686,5682,4
2024/01/15 14:39:49 EST,Alert,6031,36,93,93,34,5668,5665,3
2024/01/15 14:40:00 EST,Alert,6022,36,93,93,34,5621,5617,4
2024/01/15 14:40:10 EST,Alert,6023,36,93,93,34,5637,5633,4
2024/01/15 14:40:20 EST,Alert,6013,36,93,93,34,5641,5637,5
2024/01/15 14:40:30 EST,Alert,6001,36,93,93,34,5622,5618,5
2024/01/15 14:40:41 EST,Alert,5958,36,94,94,34,5637,5634,4
2024/01/15 14:40:51 EST,Alert,5998,36,93,93,34,5629,5626,5
2024/01/15 14:41:01 EST,Alert,6007,36,93,93,34,5596,5592,5
2024/01/15 14:41:12 EST,Alert,5999,36,93,93,34,5622,5618,5
2024/01/15 14:41:22 EST,Alert,5996,36,93,93,34,5599,5595,5
2024/01/15 14:41:32 EST,Alert,5969,36,94,94,34,5620,5617,4
2024/01/15 14:41:42 EST,Alert,5988,36,93,93,34,5593,5589,4
2024/01/15 14:41:53 EST,Alert,5995,36,93,93,34,5613,5610,3
2024/01/15 14:42:03 EST,Alert,6001,36,93,93,34,5603,5600,4
2024/01/15 14:42:13 EST,Alert,6007,36,92,92,34,5585,5582,4
2024/01/15 14:42:24 EST,Alert,5992,36,93,93,34,5593,5589,4
2024/01/15 14:42:34 EST,Alert,5992,36,93,93,34,5602,5598,4
2024/01/15 14:42:44 EST,Alert,5985,36,93,93,34,5591,5586,5
2024/01/15 14:42:54 EST,Alert,5984,36,92,92,33,5562,5558,5
2024/01/15 14:43:05 EST,Alert,5997,36,93,93,34,5601,5597,5
2024/01/15 14:43:15 EST,Alert,5885,35,96,96,34,5671,5665,6
2024/01/15 14:43:25 EST,Alert,6017,36,93,93,34,5612,5604,6
2024/01/15 14:43:35 EST,Alert,6001,36,93,93,34,5617,5610,6
2024/01/15 14:43:46 EST,Alert,5976,36,91,91,33,5489,5482,5
2024/01/15 14:43:56 EST,Alert,5612,34,87,87,30,4938,4933,5
2024/01/15 14:44:06 EST,Alert,5138,31,85,86,26,4421,4415,4
2024/01/15 14:44:16 EST,Alert,4648,28,84,84,24,3948,3944,4
2024/01/15 14:44:27 EST,Warning,4142,25,83,83,21,3479,3478,4
2024/01/15 14:44:37 EST,Warning,3703,22,79,79,18,2961,2956,5
2024/01/15 14:44:47 EST,Warning,3226,19,84,84,16,2725,2720,5
2024/01/15 14:44:57 EST,Warning,3143,19,88,88,16,2781,2776,5
2024/01/15 14:45:07 EST,Warning,3138,19,88,88,16,2774,2768,5
2024/01/15 14:45:17 EST,Warning,3142,19,88,88,16,2779,2775,5
2024/01/15 14:45:28 EST,Warning,3145,19,87,87,16,2757,2753,5
2024/01/15 14:45:38 EST,Warning,3128,19,88,88,16,2756,2753,4
2024/01/15 14:45:48 EST,Warning,3128,19,88,88,16,2777,2773,4
2024/01/15 14:45:58 EST,Warning,3110,18,88,88,16,2760,2757,4
2024/01/15 14:46:08 EST,Warning,3124,19,88,88,16,2770,2766,5
2024/01/15 14:46:18 EST,Warning,3114,19,88,88,16,2761,2758,3
2024/01/15 14:46:29 EST,Warning,3123,19,87,87,16,2748,2745,3
2024/01/15 14:46:39 EST,Warning,3119,19,88,88,16,2774,2770,4
2024/01/15 14:46:49 EST,Warning,3125,19,88,88,16,2761,2757,4
2024/01/15 14:46:59 EST,Warning,3114,19,88,88,16,2769,2765,4
2024/01/15 14:47:09 EST,Warning,3125,19,88,88,16,2756,2752,4
2024/01/15 14:47:19 EST,Warning,3115,19,89,89,16,2779,2775,4
2024/01/15 14:47:30 EST,Warning,3129,19,88,88,16,2765,2761,4
2024/01/15 14:47:40 EST,Warning,3135,19,87,87,16,2751,2748,3
2024/01/15 14:47:50 EST,Warning,3131,19,87,87,16,2741,2737,4
2024/01/15 14:48:00 EST,Warning,3128,19,88,88,16,2773,2769,5
2024/01/15 14:48:10 EST,Warning,3110,18,89,89,16,2776,2771,5
2024/01/15 14:48:20 EST,Warning,3115,19,88,88,16,2758,2752,5
2024/01/15 14:48:31 EST,Warning,3137,19,87,87,16,2754,2749,4
2024/01/15 14:48:41 EST,Warning,3147,19,87,88,16,2775,2769,5
2024/01/15 14:48:51 EST,Warning,3114,19,89,89,17,2795,2791,3
2024/01/15 14:49:01 EST,Warning,3127,19,88,88,16,2779,2773,5
2024/01/15 14:49:11 EST,Warning,3131,19,88,88,16,2785,2781,4
2024/01/15 14:49:21 EST,Warning,3126,19,89,89,17,2789,2785,4
2024/01/15 14:49:32 EST,Warning,3137,19,87,87,16,2752,2748,5
2024/01/15 14:49:42 EST,Warning,3136,19,88,88,16,2770,2767,4
2024/01/15 14:49:52 EST,Warning,3122,19,88,88,16,2772,2768,5
2024/01/15 14:50:02 EST,Warning,3130,19,88,88,16,2765,2762,5
2024/01/15 14:50:12 EST,Warning,3123,19,88,88,16,2757,2756,5
2024/01/15 14:50:22 EST,Warning,3145,19,87,87,16,2747,2743,4
2024/01/15 14:50:33 EST,Warning,3123,19,87,88,16,2752,2748,4
2024/01/15 14:50:43 EST,Warning,3122,19,88,88,16,2774,2770,4
2024/01/15 14:50:53 EST,Warning,3122,19,88,88,16,2763,2759,4
2024/01/15 14:51:03 EST,Warning,3138,19,87,87,16,2747,2743,4
2024/01/15 14:51:13 EST,Warning,3091,18,90,90,17,2786,2783,4
2024/01/15 14:51:23 EST,Warning,3126,19,88,88,16,2764,2761,4
2024/01/15 14:51:33 EST,Warning,3140,19,87,87,16,2744,2742,3
2024/01/15 14:51:44 EST,Warning,3141,19,86,86,16,2732,2728,4
2024/01/15 14:51:54 EST,Warning,3112,18,89,89,16,2776,2772,4
2024/01/15 14:52:04 EST,Warning,3133,19,88,88,16,2772,2768,4
2024/01/15 14:52:14 EST,Warning,3138,19,87,88,16,2762,2759,4
2024/01/15 14:52:24 EST,Warning,3127,19,87,87,16,2744,2740,4
2024/01/15 14:52:34 EST,Warning,3129,19,87,87,16,2746,2743,5
2024/01/15 14:52:45 EST,Warning,3120,19,87,87,16,2744,2740,5
2024/01/15 14:52:55 EST,Warning,3112,18,88,88,16,2748,2744,5
2024/01/15 14:53:05 EST,Warning,3100,18,87,88,16,2730,2726,5
2024/01/15 14:53:15 EST,Warning,3009,18,92,92,17,2791,2787,5
2024/01/15 14:53:25 EST,Warning,3093,18,88,88,16,2736,2730,5
2024/01/15 14:53:35 EST,Warning,3103,18,88,88,16,2742,2736,5
2024/01/15 14:53:46 EST,Warning,3113,19,88,88,16,2752,2748,5
2024/01/15 14:53:56 EST,Warning,3099,18,88,88,16,2757,2751,5
2024/01/15 14:54:06 EST,Warning,3122,19,87,87,16,2734,2729,4
2024/01/15 14:54:16 EST,Warning,3112,18,88,88,16,2753,2747,5
2024/01/15 14:54:26 EST,Warning,3104,18,88,88,16,2747,2744,4
2024/01/15 14:54:36 EST,Warning,3098,18,88,88,16,2745,2742,4
2024/01/15 14:54:47 EST,Warning,3104,18,88,88,16,2755,2750,5
2024/01/15 14:54:57 EST,Warning,3107,18,88,88,16,2748,2744,4
2024/01/15 14:55:07 EST,Warning,3124,19,87,88,16,2751,2746,5
2024/01/15 14:55:17 EST,Warning,3114,19,87,88,16,2743,2739,4
2024/01/15 14:55:27 EST,Warning,3113,19,87,87,16,2739,2734,5
2024/01/15 14:55:37 EST,Warning,3102,18,88,89,16,2762,2759,4
2024/01/15 14:55:48 EST,Warning,3118,19,87,87,16,2734,2731,4
2024/01/15 14:55:58 EST,Warning,3115,19,87,87,16,2740,2737,4
2024/01/15 14:56:08 EST,Warning,3111,18,88,88,16,2746,2744,2
2024/01/15 14:56:18 EST,Warning,3086,18,88,88,16,2745,2741,4
2024/01/15 14:56:28 EST,Warning,3060,18,90,90,16,2775,2771,4
2024/01/15 14:56:38 EST,Warning,3087,18,88,88,16,2734,2730,4
2024/01/15 14:56:48 EST,Warning,3097,18,87,88,16,2728,2725,4
2024/01/15 14:56:59 EST,Warning,3090,18,88,88,16,2727,2723,4
2024/01/15 14:57:09 EST,Warning,3091,18,88,89,16,2752,2748,4
2024/01/15 14:57:19 EST,Warning,3105,18,87,87,16,2730,2727,3
2024/01/15 14:57:29 EST,Warning,3116,19,87,87,16,2724,2720,4
2024/01/15 14:57:39 EST,Warning,3101,18,88,88,16,2748,2745,3
2024/01/15 14:57:49 EST,Warning,3111,18,88,88,16,2765,2763,3
2024/01/15 14:58:00 EST,Warning,3101,18,88,88,16,2753,2749,4
2024/01/15 14:58:10 EST,Warning,3100,18,88,88,16,2740,2736,4
2024/01/15 14:58:20 EST,Warning,3095,18,88,88,16,2738,2733,4
2024/01/15 14:58:30 EST,Warning,3107,18,88,88,16,2745,2741,4
2024/01/15 14:58:40 EST,Warning,3139,19,87,87,16,2746,2740,5
2024/01/15 14:58:50 EST,Warning,3274,19,97,97,19,3203,3197,5
2024/01/15 14:59:01 EST,Warning,3735,22,99,99,22,3716,3710,5
2024/01/15 14:59:11 EST,Warning,4220,25,99,99,25,4202,4196,5
2024/01/15 14:59:21 EST,Alert,4711,28,99,99,28,4696,4692,4
2024/01/15 14:59:31 EST,Alert,5201,31,99,99,31,5191,5187,4
2024/01/15 14:59:42 EST,Alert,5695,34,99,99,34,5684,5681,3
2024/01/15 14:59:52 EST,Alert,5983,36,93,93,34,5604,5600,4
2024/01/15 15:00:02 EST,Alert,5987,36,93,93,34,5624,5622,3
2024/01/15 15:00:12 EST,Alert,6016,36,92,92,34,5587,5585,4
2024/01/15 15:00:23 EST,Alert,6013,36,93,93,34,5620,5616,4
2024/01/15 15:00:33 EST,Alert,6016,36,93,93,34,5640,5636,4
2024/01/15 15:00:43 EST,Alert,6015,36,93,93,34,5615,5610,4
2024/01/15 15:00:54 EST,Alert,6006,36,93,93,34,5631,5628,3
2024/01/15 15:01:04 EST,Alert,6007,36,92,93,34,5589,5585,4
2024/01/15 15:01:14 EST,Alert,6020,36,93,93,34,5642,5639,4
2024/01/15 15:01:24 EST,Alert,6011,36,92,93,34,5591,5587,4
2024/01/15 15:01:35 EST,Alert,5978,36,94,94,34,5639,5636,3
2024/01/15 15:01:45 EST,Alert,5984,36,94,94,34,5645,5641,4
2024/01/15 15:01:55 EST,Alert,5994,36,93,93,34,5618,5616,3
2024/01/15 15:02:06 EST,Alert,5988,36,93,93,34,5617,5614,4
2024/01/15 15:02:16 EST,Alert,6011,36,93,93,34,5596,5592,4
2024/01/15 15:02:26 EST,Alert,6014,36,93,93,34,5602,5599,3
2024/01/15 15:02:36 EST,Alert,6003,36,93,93,34,5615,5611,4
2024/01/15 15:02:47 EST,Alert,6009,36,93,93,34,5592,5589,3
2024/01/15 15:02:57 EST,Alert,6005,36,93,93,34,5598,5596,3
2024/01/15 15:03:07 EST,Alert,6017,36,92,92,34,5593,5590,4
2024/01/15 15:03:18 EST,Alert,5962,36,95,95,34,5682,5675,5
2024/01/15 15:03:28 EST,Alert,6034,36,92,92,34,5580,5570,5
2024/01/15 15:03:38 EST,Alert,6003,36,93,93,34,5595,5587,5
2024/01/15 15:03:48 EST,Alert,5986,36,93,93,34,5608,5598,5
2024/01/15 15:03:59 EST,Alert,5989,36,93,93,34,5608,5599,5
2024/01/15 15:04:09 EST,Alert,5986,36,93,93,34,5612,5606,4
2024/01/15 15:04:19 EST,Alert,5984,36,93,93,34,5620,5616,4
2024/01/15 15:04:30 EST,Alert,5985,36,93,93,34,5592,5587,5
2024/01/15 15:04:40 EST,Alert,5998,36,93,93,34,5596,5591,5
2024/01/15 15:04:50 EST,Alert,5981,36,93,93,34,5605,5600,5
2024/01/15 15:05:00 EST,Alert,5984,36,93,93,34,5598,5593,5
2024/01/15 15:05:11 EST,Alert,5978,36,93,93,34,5605,5600,5
2024/01/15 15:05:21 EST,Alert,6000,36,93,93,34,5601,5597,5
2024/01/15 15:05:31 EST,Alert,5986,36,93,93,34,5604,5601,4
2024/01/15 15:05:41 EST,Alert,5986,36,93,93,34,5618,5614,4
2024/01/15 15:05:52 EST,Alert,5973,36,94,94,34,5622,5618,4
2024/01/15 15:06:02 EST,Alert,5998,36,93,93,34,5613,5609,4
2024/01/15 15:06:12 EST,Alert,5973,36,94,94,34,5620,5616,4
2024/01/15 15:06:23 EST,Alert,5995,36,93,93,34,5617,5614,3
2024/01/15 15:06:33 EST,Alert,5996,36,93,93,34,5628,5624,4
2024/01/15 15:06:43 EST,Alert,6015,36,93,93,34,5601,5597,4
2024/01/15 15:06:53 EST,Alert,5994,36,93,93,34,5616,5611,5
2024/01/15 15:07:04 EST,Alert,6024,36,92,92,34,5598,5593,5
2024/01/15 15:07:14 EST,Alert,6016,36,93,93,34,5621,5616,5
2024/01/15 15:07:24 EST,Alert,6016,36,93,93,34,5623,5618,5
2024/01/15 15:07:34 EST,Alert,6039,36,92,92,34,5608,5603,5
2024/01/15 15:07:45 EST,Alert,6003,36,92,92,34,5576,5572,4
2024/01/15 15:07:55 EST,Alert,6003,36,93,93,34,5632,5629,4
2024/01/15 15:08:05 EST,Alert,5993,36,93,93,34,5617,5613,4
2024/01/15 15:08:16 EST,Alert,5914,36,95,95,34,5649,5645,5
2024/01/15 15:08:26 EST,Alert,5979,36,93,93,34,5576,5572,4
2024/01/15 15:08:36 EST,Alert,5952,36,93,93,34,5577,5572,4
2024/01/15 15:08:46 EST,Alert,5969,36,93,93,34,5585,5579,5
2024/01/15 15:08:57 EST,Alert,5957,36,93,93,33,5561,5555,5
2024/01/15 15:09:07 EST,Alert,5958,36,93,93,34,5596,5592,3
2024/01/15 15:09:17 EST,Alert,5968,36,93,93,34,5590,5586,4
2024/01/15 15:09:28 EST,Alert,5986,36,93,93,34,5576,5572,4
2024/01/15 15:09:38 EST,Alert,5963,36,94,94,34,5621,5617,4
2024/01/15 15:09:48 EST,Alert,6004,36,92,93,34,5585,5580,4
2024/01/15 15:09:58 EST,Alert,5984,36,93,93,34,5609,5606,4
2024/01/15 15:10:09 EST,Alert,5999,36,92,92,34,5571,5567,4
2024/01/15 15:10:19 EST,Alert,5983,36,93,93,34,5613,5610,3
2024/01/15 15:10:29 EST,Alert,5995,36,93,93,34,5604,5601,3
2024/01/15 15:10:39 EST,Alert,6009,36,93,93,34,5597,5593,4
2024/01/15 15:10:50 EST,Alert,5997,36,93,93,34,5625,5621,4
2024/01/15 15:11:00 EST,Alert,6007,36,93,93,34,5612,5608,5
2024/01/15 15:11:10 EST,Alert,6024,36,92,93,34,5604,5600,4
2024/01/15 15:11:21 EST,Alert,6027,36,92,92,34,5589,5587,4
2024/01/15 15:11:31 EST,Alert,6025,36,93,93,34,5628,5625,4
2024/01/15 15:11:41 EST,Alert,6013,36,93,93,34,5645,5642,4
2024/01/15 15:11:51 EST,Alert,6037,36,92,93,34,5617,5613,5
2024/01/15 15:12:02 EST,Alert,6025,36,93,93,34,5639,5636,3
2024/01/15 15:12:12 EST,Alert,5928,36,96,96,34,5710,5706,4
2024/01/15 15:12:22 EST,Alert,6041,36,93,93,34,5651,5648,3
2024/01/15 15:12:33 EST,Alert,6038,36,93,93,34,5641,5637,4
2024/01/15 15:12:43 EST,Alert,6033,36,93,93,34,5660,5657,4
2024/01/15 15:12:53 EST,Alert,6023,36,93,93,34,5645,5642,3
2024/01/15 15:13:03 EST,Alert,6037,36,92,92,34,5613,5609,4
2024/01/15 15:13:14 EST,Alert,5870,35,97,97,34,5703,5699,4
2024/01/15 15:13:24 EST,Alert,5993,36,93,93,34,5615,5609,5
2024/01/15 15:13:34 EST,Alert,6010,36,93,93,34,5598,5593,5
2024/01/15 15:13:44 EST,Alert,5998,36,92,92,33,5540,5534,5
2024/01/15 15:13:55 EST,Alert,5662,34,88,88,30,4997,4991,5
2024/01/15 15:14:05 EST,Alert,5211,31,86,86,27,4494,4489,4
2024/01/15 15:14:15 EST,Alert,4711,28,85,85,24,4010,4005,5
2024/01/15 15:14:25 EST,Warning,4210,25,82,82,21,3488,3484,4
2024/01/15 15:14:35 EST,Warning,3698,22,82,82,18,3044,3039,4
2024/01/15 15:14:46 EST,Warning,3236,19,82,82,16,2682,2678,4
2024/01/15 15:14:56 EST,Warning,3097,18,88,88,16,2741,2737,4
2024/01/15 15:15:06 EST,Warning,3084,18,88,88,16,2724,2720,4
2024/01/15 15:15:16 EST,Warning,3080,18,88,89,16,2742,2739,3
2024/01/15 15:15:26 EST,Warning,3104,18,88,88,16,2743,2739,4
2024/01/15 15:15:36 EST,Warning,3105,18,87,87,16,2719,2716,3
2024/01/15 15:15:47 EST,Warning,3092,18,88,88,16,2739,2735,4
2024/01/15 15:15:57 EST,Warning,3101,18,87,88,16,2730,2727,4
2024/01/15 15:16:07 EST,Warning,3085,18,89,89,16,2767,2763,4
2024/01/15 15:16:17 EST,Warning,3104,18,88,88,16,2746,2742,4
2024/01/15 15:16:27 EST,Warning,3092,18,88,88,16,2750,2747,4
2024/01/15 15:16:37 EST,Warning,3089,18,89,89,16,2754,2750,5
2024/01/15 15:16:48 EST,Warning,3094,18,88,88,16,2731,2727,5
2024/01/15 15:16:58 EST,Warning,3094,18,88,88,16,2732,2729,4
2024/01/15 15:17:08 EST,Warning,3085,18,88,88,16,2743,2739,5
2024/01/15 15:17:18 EST,Warning,3082,18,89,89,16,2766,2762,5
2024/01/15 15:17:28 EST,Warning,2995,18,92,93,17,2788,2784,4
2024/01/15 15:17:38 EST,Warning,3090,18,88,88,16,2736,2733,4
2024/01/15 15:17:49 EST,Warning,3093,18,88,88,16,2741,2737,5
2024/01/15 15:17:59 EST,Warning,3111,18,87,87,16,2734,2730,5
2024/01/15 15:18:09 EST,Warning,3113,19,87,87,16,2730,2727,5
2024/01/15 15:18:19 EST,Warning,3097,18,88,88,16,2736,2731,5
2024/01/15 15:18:29 EST,Warning,3110,18,88,88,16,2744,2740,5
2024/01/15 15:18:39 EST,Warning,3106,18,88,88,16,2757,2751,6
2024/01/15 15:18:50 EST,Warning,3114,19,87,87,16,2740,2735,5
2024/01/15 15:19:00 EST,Warning,3105,18,87,87,16,2727,2720,6
2024/01/15 15:19:10 EST,Warning,3113,19,87,87,16,2731,2725,6
2024/01/15 15:19:20 EST,Warning,3115,19,87,87,16,2736,2731,5
2024/01/15 15:19:30 EST,Warning,3102,18,88,88,16,2739,2734,5
2024/01/15 15:19:40 EST,Warning,3102,18,88,88,16,2736,2732,5
2024/01/15 15:19:50 EST,Warning,3108,18,87,88,16,2737,2733,5
2024/01/15 15:20:01 EST,Warning,3110,18,88,88,16,2748,2745,5
2024/01/15 15:20:11 EST,Warning,3118,19,86,86,16,2707,2704,4
2024/01/15 15:20:21 EST,Warning,3108,18,87,87,16,2731,2727,5
2024/01/15 15:20:31 EST,Warning,3131,19,87,87,16,2736,2732,5
2024/01/15 15:20:41 EST,Warning,3113,19,88,88,16,2764,2761,5
2024/01/15 15:20:51 EST,Warning,3116,19,88,88,16,2765,2761,4
2024/01/15 15:21:02 EST,Warning,3127,19,87,87,16,2741,2736,4
2024/01/15 15:21:12 EST,Warning,3114,19,87,87,16,2729,2726,4
2024/01/15 15:21:22 EST,Warning,3103,18,88,88,16,2755,2751,4
2024/01/15 15:21:32 EST,Warning,3118,19,87,87,16,2743,2739,4
2024/01/15 15:21:42 EST,Warning,3111,18,88,88,16,2742,2739,3
2024/01/15 15:21:52 EST,Warning,3121,19,87,87,16,2734,2729,4
2024/01/15 15:22:02 EST,Warning,3103,18,88,88,16,2752,2748,4
2024/01/15 15:22:13 EST,Warning,3112,18,88,88,16,2745,2741,4
2024/01/15 15:22:23 EST,Warning,3118,19,88,88,16,2757,2754,3
2024/01/15 15:22:33 EST,Warning,3113,19,87,88,16,2740,2738,3
2024/01/15 15:22:43 EST,Warning,3010,18,92,92,17,2794,2790,4
2024/01/15 15:22:53 EST,Warning,3094,18,87,87,16,2719,2716,3
2024/01/15 15:23:03 EST,Warning,3070,18,89,89,16,2743,2740,3
2024/01/15 15:23:14 EST,Warning,2948,17,94,95,17,2804,2800,4
2024/01/15 15:23:24 EST,Warning,3109,18,87,87,16,2716,2710,4
2024/01/15 15:23:34 EST,Warning,3092,18,87,88,16,2722,2717,4
2024/01/15 15:23:44 EST,Warning,3096,18,87,87,16,2710,2704,4
2024/01/15 15:23:54 EST,Warning,3093,18,88,88,16,2730,2725,4
2024/01/15 15:24:03 EST,Warning,3096,18,88,88,16,2734,2727,5
2024/01/15 15:24:04 EST,Warning,2934,17,95,96,17,2823,2816,5
2024/01/15 15:24:15 EST,Warning,3105,18,88,88,16,2743,2738,5
2024/01/15 15:24:25 EST,Warning,3103,18,87,87,16,2730,2727,4
2024/01/15 15:24:35 EST,Warning,3117,19,87,87,16,2720,2718,3
2024/01/15 15:24:45 EST,Warning,3109,18,87,87,16,2712,2708,4
2024/01/15 15:24:55 EST,Warning,3089,18,88,88,16,2737,2733,4
2024/01/15 15:25:05 EST,Warning,3086,18,88,88,16,2745,2742,4
2024/01/15 15:25:15 EST,Warning,3094,18,87,88,16,2723,2719,4
2024/01/15 15:25:26 EST,Warning,3075,18,89,89,16,2742,2738,4
2024/01/15 15:25:36 EST,Warning,3096,18,88,88,16,2737,2733,4
2024/01/15 15:25:46 EST,Warning,3081,18,89,89,16,2751,2747,4
2024/01/15 15:25:56 EST,Warning,3094,18,88,88,16,2727,2724,4
2024/01/15 15:26:06 EST,Warning,3093,18,88,88,16,2737,2733,4
2024/01/15 15:26:16 EST,Warning,3103,18,87,87,16,2713,2709,4
2024/01/15 15:26:27 EST,Warning,3085,18,88,88,16,2728,2723,4
2024/01/15 15:26:37 EST,Warning,3100,18,88,88,16,2735,2732,4
2024/01/15 15:26:47 EST,Warning,3100,18,88,88,16,2737,2733,4
2024/01/15 15:26:57 EST,Warning,3095,18,87,87,16,2710,2706,4
2024/01/15 15:27:07 EST,Warning,3093,18,88,88,16,2736,2734,4
2024/01/15 15:27:17 EST,Warning,3098,18,87,87,16,2722,2719,4
2024/01/15 15:27:28 EST,Warning,3099,18,88,88,16,2741,2738,4
2024/01/15 15:27:38 EST,Warning,3089,18,87,87,16,2709,2706,4
2024/01/15 15:27:48 EST,Warning,2896,17,86,86,15,2512,2508,4
2024/01/15 15:27:58 EST,Warning,2268,13,92,92,12,2100,2096,4
2024/01/15 15:28:08 EST,Warning,1944,11,80,80,9,1562,1559,4
2024/01/15 15:28:18 EST,Warning,1438,8,75,75,6,1089,1087,4
2024/01/15 15:28:28 EST,Warning,936,5,67,67,3,636,632,4
2024/01/15 15:28:38 EST,Safe,363,2,57,59,1,216,210,5
2024/01/15 15:28:48 EST,Safe,41,0,19,34,0,14,8,5
2024/01/15 15:28:59 EST,Safe,42,0,21,35,0,15,9,5
2024/01/15 15:29:09 EST,Safe,43,0,20,34,0,15,9,5
2024/01/15 15:29:19 EST,Safe,42,0,26,33,0,14,11,4
2024/01/15 15:29:29 EST,Safe,40,0,25,30,0,12,10,3
2024/01/15 15:29:39 EST,Safe,37,0,29,37,0,14,11,4
2024/01/15 15:29:49 EST,Safe,33,0,30,42,0,14,10,4
2024/01/15 15:29:59 EST,Safe,31,0,32,45,0,14,10,4
2024/01/15 15:30:09 EST,Safe,37,0,27,37,0,14,10,4
2024/01/15 15:30:19 EST,Safe,38,0,23,31,0,12,9,3
2024/01/15 15:30:29 EST,Safe,38,0,18,26,0,10,7,4
2024/01/15 15:30:39 EST,Safe,37,0,21,32,0,12,8,4
2024/01/15 15:30:49 EST,Safe,37,0,24,35,0,13,9,5
2024/01/15 15:30:59 EST,Safe,38,0,23,36,0,14,9,5
2024/01/15 15:31:09 EST,Safe,36,0,19,33,0,12,7,5
2024/01/15 15:31:19 EST,Safe,34,0,23,38,0,13,8,5
2024/01/15 15:31:29 EST,Safe,30,0,30,46,0,14,9,5
2024/01/15 15:31:39 EST,Safe,28,0,25,39,0,11,7,4
2024/01/15 15:31:49 EST,Safe,27,0,22,37,0,10,6,4
2024/01/15 15:31:59 EST,Safe,24,0,16,29,0,7,4,3
2024/01/15 15:32:09 EST,Safe,28,0,7,21,0,6,2,4
2024/01/15 15:32:20 EST,Safe,26,0,0,15,0,4,0,3
2024/01/15 15:32:30 EST,Safe,29,0,0,13,0,4,0,3
2024/01/15 15:32:40 EST,Safe,31,0,0,12,0,4,0,3
2024/01/15 15:32:50 EST,Safe,29,0,0,13,0,4,0,3
2024/01/15 15:33:00 EST,Safe,30,0,0,13,0,4,0,4
2024/01/15 15:33:10 EST,Safe,29,0,0,13,0,4,0,4
2024/01/15 15:33:20 EST,Safe,37,0,0,16,0,6,0,4
2024/01/15 15:33:30 EST,Safe,37,0,0,16,0,6,0,4
2024/01/15 15:33:40 EST,Safe,38,0,0,13,0,5,0,3
2024/01/15 15:33:50 EST,Safe,38,0,0,15,0,6,0,4
2024/01/15 15:34:00 EST,Safe,38,0,0,13,0,5,0,3
2024/01/15 15:34:10 EST,Safe,44,0,0,13,0,6,0,4
2024/01/15 15:34:20 EST,Safe,37,0,0,10,0,4,0,3
2024/01/15 15:34:30 EST,Safe,34,0,0,11,0,4,0,3
2024/01/15 15:34:40 EST,Safe,34,0,0,11,0,4,0,3
2024/01/15 15:34:50 EST,Safe,32,0,0,12,0,4,0,3
2024/01/15 15:35:00 EST,Safe,31,0,0,12,0,4,0,3
2024/01/15 15:35:08 EST,Safe,32,0,0,9,0,3,0,3